Date,Branch,Category,Product,Stock_In,Stock_Out,Stock_Balance
2025-05-28,Tanta,Clothing,Jacket,8,3,5
2025-06-07,Cairo,Electronics,Phone,19,12,7
2025-06-04,Mansoura,Clothing,Shoes,6,4,2
2025-04-14,Cairo,Furniture,Desk,4,3,1
2025-06-18,Mansoura,Furniture,Chair,4,2,2
2025-04-09,Tanta,Stationery,Marker,0,0,0
2025-06-05,Mansoura,Furniture,Chair,15,14,1
2025-05-14,Alexandria,Furniture,Chair,17,10,7
2025-04-29,Mansoura,Furniture,Desk,2,1,1
2025-06-04,Cairo,Furniture,Table,11,0,11
2025-04-11,Cairo,Clothing,Pants,6,3,3
2025-04-01,Tanta,Clothing,Jacket,18,7,11
2025-06-21,Mansoura,Electronics,Tablet,19,13,6
2025-04-12,Mansoura,Clothing,Shirt,9,9,0
2025-04-08,Tanta,Furniture,Desk,0,0,0
2025-06-04,Cairo,Stationery,Folder,6,1,5
2025-06-13,Tanta,Electronics,TV,4,0,4
2025-06-14,Cairo,Clothing,Shirt,17,11,6
2025-05-01,Tanta,Electronics,Phone,13,5,8
2025-05-17,Cairo,Electronics,Tablet,18,0,18
2025-06-18,Mansoura,Electronics,Phone,5,0,5
2025-05-04,Tanta,Electronics,Phone,4,3,1
2025-05-22,Cairo,Electronics,Phone,10,0,10
2025-04-19,Tanta,Clothing,Jacket,3,1,2
2025-05-16,Tanta,Clothing,Jacket,10,9,1
2025-04-07,Alexandria,Electronics,Phone,5,4,1
2025-06-09,Cairo,Stationery,Marker,6,1,5
2025-04-03,Tanta,Electronics,Phone,10,5,5
2025-04-23,Cairo,Clothing,Shirt,14,3,11
2025-04-25,Alexandria,Clothing,Shirt,13,0,13
2025-04-19,Cairo,Stationery,Notebook,2,2,0
2025-04-02,Tanta,Stationery,Pen,19,11,8
2025-06-25,Tanta,Stationery,Marker,19,2,17
2025-06-21,Mansoura,Furniture,Couch,0,0,0
2025-04-16,Tanta,Stationery,Pen,19,3,16
2025-06-09,Mansoura,Electronics,TV,9,1,8
2025-06-11,Tanta,Clothing,Pants,0,0,0
2025-05-14,Alexandria,Furniture,Couch,12,5,7
2025-05-11,Mansoura,Electronics,Phone,1,1,0
2025-05-01,Tanta,Clothing,Jacket,12,3,9
2025-05-17,Tanta,Stationery,Pen,9,0,9
2025-05-29,Mansoura,Stationery,Marker,9,5,4
2025-04-27,Tanta,Electronics,TV,14,6,8
2025-06-14,Tanta,Electronics,Phone,16,13,3
2025-04-21,Tanta,Clothing,Shirt,7,2,5
2025-04-04,Mansoura,Electronics,TV,6,3,3
2025-04-19,Tanta,Clothing,Pants,7,7,0
2025-06-05,Alexandria,Stationery,Pen,3,0,3
2025-05-03,Mansoura,Electronics,Tablet,0,0,0
2025-06-28,Cairo,Stationery,Marker,17,16,1
2025-04-22,Tanta,Clothing,Shirt,18,18,0
2025-04-20,Tanta,Furniture,Desk,15,3,12
2025-05-27,Mansoura,Electronics,Tablet,1,1,0
2025-04-11,Tanta,Furniture,Desk,16,10,6
2025-05-02,Alexandria,Stationery,Notebook,1,0,1
2025-05-17,Mansoura,Furniture,Chair,6,4,2
2025-06-12,Cairo,Furniture,Desk,19,14,5
2025-05-30,Tanta,Electronics,Laptop,9,6,3
2025-04-02,Cairo,Clothing,Jacket,16,3,13
2025-06-21,Mansoura,Stationery,Notebook,2,2,0
2025-05-22,Tanta,Furniture,Table,8,8,0
2025-06-02,Alexandria,Stationery,Folder,8,7,1
2025-05-23,Alexandria,Stationery,Notebook,14,1,13
2025-06-21,Cairo,Furniture,Desk,0,0,0
2025-05-12,Mansoura,Furniture,Table,13,11,2
2025-03-31,Alexandria,Stationery,Pen,10,6,4
2025-04-25,Cairo,Furniture,Chair,18,18,0
2025-05-23,Mansoura,Furniture,Desk,16,15,1
2025-05-19,Alexandria,Clothing,Pants,19,6,13
2025-06-09,Tanta,Electronics,Laptop,6,1,5
2025-05-21,Cairo,Stationery,Notebook,12,3,9
2025-04-22,Alexandria,Electronics,Phone,11,5,6
2025-05-18,Tanta,Furniture,Desk,1,0,1
2025-06-19,Tanta,Furniture,Desk,10,2,8
2025-05-11,Tanta,Furniture,Table,19,5,14
2025-06-05,Tanta,Electronics,Tablet,7,0,7
2025-04-25,Alexandria,Furniture,Couch,4,3,1
2025-06-01,Alexandria,Electronics,Tablet,8,8,0
2025-04-23,Tanta,Clothing,Pants,4,3,1
2025-06-23,Cairo,Clothing,Shirt,3,0,3
2025-05-19,Alexandria,Electronics,Laptop,15,7,8
2025-06-14,Tanta,Furniture,Desk,0,0,0
2025-06-20,Mansoura,Stationery,Folder,0,0,0
2025-05-09,Tanta,Furniture,Desk,16,0,16
2025-04-10,Cairo,Clothing,Shoes,6,5,1
2025-04-10,Mansoura,Furniture,Desk,3,0,3
2025-04-13,Mansoura,Clothing,Shoes,16,15,1
2025-05-15,Cairo,Furniture,Chair,16,14,2
2025-05-25,Cairo,Stationery,Pen,19,10,9
2025-04-02,Mansoura,Furniture,Chair,7,6,1
2025-06-04,Cairo,Furniture,Desk,5,1,4
2025-05-11,Alexandria,Furniture,Table,4,0,4
2025-04-28,Alexandria,Electronics,Tablet,16,8,8
2025-06-16,Mansoura,Clothing,Pants,14,9,5
2025-06-17,Tanta,Clothing,Shoes,15,15,0
2025-04-12,Alexandria,Clothing,Shoes,10,3,7
2025-04-28,Alexandria,Furniture,Table,0,0,0
2025-04-21,Cairo,Furniture,Chair,19,3,16
2025-06-19,Alexandria,Furniture,Couch,5,5,0
2025-05-17,Mansoura,Electronics,Tablet,4,4,0
2025-04-26,Tanta,Stationery,Pen,6,3,3
2025-06-28,Cairo,Electronics,Tablet,15,11,4
2025-04-16,Alexandria,Clothing,Shoes,9,3,6
2025-06-23,Tanta,Clothing,Shoes,15,15,0
2025-04-13,Mansoura,Electronics,Phone,16,0,16
2025-05-03,Mansoura,Electronics,Laptop,15,5,10
2025-05-02,Tanta,Electronics,Tablet,4,0,4
2025-04-14,Tanta,Clothing,Pants,12,4,8
2025-05-29,Mansoura,Furniture,Table,18,5,13
2025-04-16,Alexandria,Clothing,Pants,19,12,7
2025-05-17,Alexandria,Clothing,Pants,9,6,3
2025-04-01,Alexandria,Furniture,Desk,3,3,0
2025-04-01,Tanta,Clothing,Shoes,8,4,4
2025-04-11,Cairo,Clothing,Shoes,18,13,5
2025-06-24,Mansoura,Clothing,Pants,15,5,10
2025-05-10,Alexandria,Clothing,Pants,14,2,12
2025-05-28,Tanta,Electronics,Phone,0,0,0
2025-04-22,Tanta,Electronics,Laptop,8,3,5
2025-05-05,Mansoura,Furniture,Desk,0,0,0
2025-04-12,Alexandria,Clothing,Shirt,7,4,3
2025-04-18,Alexandria,Stationery,Pen,14,3,11
2025-04-29,Tanta,Furniture,Couch,17,14,3
2025-05-26,Alexandria,Stationery,Notebook,8,7,1
2025-05-06,Alexandria,Stationery,Marker,0,0,0
2025-05-18,Cairo,Electronics,Phone,8,4,4
2025-06-10,Alexandria,Stationery,Folder,16,2,14
2025-06-20,Cairo,Stationery,Notebook,13,2,11
2025-05-30,Alexandria,Electronics,Laptop,12,2,10
2025-06-19,Tanta,Clothing,Pants,5,0,5
2025-05-26,Cairo,Electronics,Tablet,8,1,7
2025-05-25,Tanta,Clothing,Shirt,0,0,0
2025-06-12,Cairo,Electronics,Laptop,2,0,2
2025-05-08,Tanta,Furniture,Desk,9,7,2
2025-05-28,Tanta,Stationery,Notebook,10,8,2
2025-05-22,Cairo,Electronics,TV,13,13,0
2025-04-10,Cairo,Electronics,Laptop,0,0,0
2025-06-14,Mansoura,Stationery,Pen,12,1,11
2025-06-21,Mansoura,Clothing,Shirt,18,18,0
2025-06-13,Mansoura,Furniture,Table,14,10,4
2025-05-24,Alexandria,Stationery,Marker,10,5,5
2025-06-06,Cairo,Electronics,TV,14,2,12
2025-04-30,Tanta,Stationery,Pen,3,1,2
2025-04-28,Tanta,Clothing,Pants,17,6,11
2025-04-25,Cairo,Clothing,Shirt,13,4,9
2025-06-09,Alexandria,Clothing,Pants,10,9,1
2025-06-19,Alexandria,Furniture,Desk,12,1,11
2025-06-21,Mansoura,Stationery,Marker,13,5,8
2025-05-24,Mansoura,Stationery,Notebook,11,1,10
2025-04-07,Tanta,Electronics,TV,17,13,4
2025-05-21,Cairo,Furniture,Couch,8,6,2
2025-05-21,Cairo,Clothing,Shoes,13,1,12
2025-05-24,Alexandria,Furniture,Table,0,0,0
2025-05-10,Mansoura,Furniture,Couch,19,19,0
2025-04-29,Mansoura,Electronics,Phone,7,2,5
2025-04-15,Cairo,Electronics,TV,15,3,12
2025-06-12,Alexandria,Electronics,Phone,19,16,3
2025-04-01,Alexandria,Clothing,Pants,6,0,6
2025-05-22,Mansoura,Electronics,Tablet,15,10,5
2025-04-13,Mansoura,Stationery,Pen,1,1,0
2025-05-03,Alexandria,Stationery,Notebook,7,7,0
2025-06-06,Mansoura,Furniture,Table,11,9,2
2025-04-30,Alexandria,Furniture,Couch,16,14,2
2025-04-16,Cairo,Stationery,Notebook,3,3,0
2025-06-20,Cairo,Furniture,Couch,10,10,0
2025-06-27,Cairo,Electronics,TV,4,3,1
2025-04-08,Cairo,Clothing,Shoes,0,0,0
2025-04-01,Cairo,Furniture,Chair,1,0,1
2025-06-15,Alexandria,Stationery,Folder,6,2,4
2025-06-09,Tanta,Electronics,TV,7,1,6
2025-05-25,Mansoura,Stationery,Pen,16,7,9
2025-04-13,Mansoura,Furniture,Desk,13,11,2
2025-05-03,Mansoura,Stationery,Marker,9,8,1
2025-05-29,Alexandria,Electronics,TV,5,2,3
2025-05-16,Tanta,Electronics,Tablet,8,1,7
2025-05-01,Tanta,Stationery,Pen,9,0,9
2025-06-08,Alexandria,Stationery,Folder,12,10,2
2025-05-17,Cairo,Clothing,Pants,19,17,2
2025-06-16,Cairo,Clothing,Shoes,11,5,6
2025-06-13,Cairo,Stationery,Marker,12,4,8
2025-04-27,Tanta,Clothing,Shirt,11,4,7
2025-04-12,Cairo,Stationery,Folder,18,4,14
2025-04-25,Cairo,Clothing,Jacket,14,7,7
2025-04-30,Tanta,Stationery,Pen,13,8,5
2025-05-23,Mansoura,Electronics,Phone,2,2,0
2025-06-02,Alexandria,Furniture,Desk,16,4,12
2025-05-25,Tanta,Stationery,Notebook,19,13,6
2025-04-29,Cairo,Furniture,Chair,14,11,3
2025-05-22,Alexandria,Furniture,Desk,4,4,0
2025-06-08,Cairo,Stationery,Pen,4,2,2
2025-06-26,Cairo,Stationery,Marker,19,9,10
2025-05-11,Mansoura,Electronics,Laptop,6,3,3
2025-04-02,Alexandria,Furniture,Chair,11,10,1
2025-05-13,Cairo,Clothing,Shirt,19,15,4
2025-06-16,Tanta,Furniture,Table,6,2,4
2025-05-13,Mansoura,Stationery,Marker,14,2,12
2025-04-10,Mansoura,Electronics,Laptop,7,2,5
2025-04-16,Tanta,Stationery,Notebook,3,0,3
2025-05-12,Cairo,Electronics,Tablet,5,4,1
2025-05-26,Cairo,Clothing,Shoes,6,0,6
2025-06-27,Tanta,Clothing,Shoes,6,6,0
2025-05-12,Mansoura,Electronics,Phone,19,7,12
2025-06-21,Alexandria,Furniture,Desk,16,12,4
2025-05-03,Alexandria,Clothing,Shirt,18,18,0
2025-05-15,Alexandria,Furniture,Table,4,4,0
2025-06-14,Mansoura,Furniture,Couch,0,0,0
2025-05-12,Tanta,Furniture,Desk,15,8,7
2025-05-13,Cairo,Clothing,Shoes,7,6,1
2025-04-26,Cairo,Furniture,Desk,4,1,3
2025-05-15,Alexandria,Furniture,Desk,4,0,4
2025-05-10,Tanta,Stationery,Folder,10,6,4
2025-04-20,Alexandria,Electronics,Laptop,6,0,6
2025-05-12,Cairo,Clothing,Shoes,10,3,7
2025-05-14,Alexandria,Stationery,Marker,16,5,11
2025-05-04,Tanta,Electronics,Laptop,5,0,5
2025-05-13,Mansoura,Electronics,TV,18,16,2
2025-06-07,Alexandria,Clothing,Pants,11,3,8
2025-06-16,Tanta,Stationery,Notebook,2,0,2
2025-06-14,Cairo,Stationery,Pen,16,15,1
2025-04-21,Mansoura,Furniture,Couch,15,0,15
2025-05-22,Tanta,Clothing,Jacket,7,6,1
2025-06-12,Alexandria,Furniture,Chair,7,7,0
2025-06-15,Tanta,Electronics,Phone,16,12,4
2025-05-29,Alexandria,Electronics,Tablet,12,1,11
2025-04-24,Cairo,Electronics,Phone,9,0,9
2025-04-15,Cairo,Clothing,Jacket,13,6,7
2025-04-15,Alexandria,Electronics,Phone,9,0,9
2025-05-14,Alexandria,Stationery,Pen,12,12,0
2025-05-10,Cairo,Stationery,Pen,5,4,1
2025-05-23,Tanta,Furniture,Desk,14,6,8
2025-05-11,Alexandria,Furniture,Chair,13,6,7
2025-05-21,Cairo,Furniture,Chair,15,10,5
2025-05-20,Alexandria,Furniture,Couch,10,7,3
2025-06-26,Alexandria,Stationery,Marker,6,2,4
2025-05-27,Cairo,Electronics,Laptop,1,1,0
2025-06-10,Mansoura,Clothing,Pants,2,2,0
2025-06-26,Mansoura,Furniture,Chair,8,2,6
2025-04-17,Tanta,Stationery,Notebook,10,7,3
2025-06-18,Alexandria,Furniture,Desk,18,5,13
2025-04-27,Alexandria,Electronics,Laptop,9,7,2
2025-04-05,Mansoura,Clothing,Pants,1,0,1
2025-05-11,Cairo,Stationery,Pen,4,2,2
2025-05-09,Cairo,Electronics,Phone,16,15,1
2025-04-04,Alexandria,Electronics,Tablet,19,7,12
2025-04-24,Cairo,Stationery,Pen,14,6,8
2025-05-28,Mansoura,Furniture,Couch,12,11,1
2025-04-27,Alexandria,Stationery,Notebook,12,7,5
2025-05-19,Cairo,Electronics,Laptop,13,9,4
2025-05-30,Cairo,Furniture,Chair,2,0,2
2025-05-06,Tanta,Furniture,Couch,13,0,13
2025-04-22,Tanta,Electronics,Laptop,4,3,1
2025-04-16,Cairo,Stationery,Folder,11,9,2
2025-06-15,Mansoura,Electronics,Tablet,18,12,6
2025-06-26,Mansoura,Clothing,Pants,15,3,12
2025-04-24,Cairo,Electronics,Phone,9,6,3
2025-05-10,Mansoura,Furniture,Table,17,7,10
2025-04-01,Tanta,Furniture,Couch,15,15,0
2025-06-15,Alexandria,Furniture,Desk,9,1,8
2025-05-26,Tanta,Clothing,Pants,11,11,0
2025-04-15,Mansoura,Clothing,Jacket,10,0,10
2025-05-13,Alexandria,Clothing,Shirt,14,0,14
2025-05-04,Mansoura,Clothing,Jacket,5,5,0
2025-04-08,Tanta,Furniture,Desk,19,10,9
2025-04-13,Cairo,Electronics,Tablet,1,1,0
2025-06-06,Alexandria,Electronics,Laptop,5,3,2
2025-05-19,Mansoura,Electronics,TV,15,15,0
2025-04-12,Mansoura,Clothing,Shoes,9,0,9
2025-05-15,Cairo,Stationery,Pen,13,11,2
2025-04-03,Alexandria,Electronics,Tablet,0,0,0
2025-06-20,Mansoura,Stationery,Notebook,2,1,1
2025-06-01,Mansoura,Stationery,Pen,5,4,1
2025-04-11,Tanta,Furniture,Table,13,9,4
2025-04-17,Tanta,Clothing,Shirt,15,15,0
2025-05-01,Cairo,Clothing,Shoes,16,7,9
2025-03-31,Cairo,Electronics,Phone,9,2,7
2025-06-24,Alexandria,Electronics,Laptop,13,9,4
2025-05-25,Alexandria,Clothing,Shirt,1,1,0
2025-05-17,Mansoura,Furniture,Desk,14,14,0
2025-04-05,Alexandria,Clothing,Jacket,9,4,5
2025-05-18,Cairo,Electronics,Laptop,12,3,9
2025-05-01,Alexandria,Furniture,Chair,14,2,12
2025-05-11,Cairo,Furniture,Desk,17,15,2
2025-04-09,Cairo,Electronics,Tablet,14,1,13
2025-05-08,Tanta,Stationery,Marker,10,2,8
2025-05-06,Cairo,Furniture,Table,10,1,9
2025-05-04,Cairo,Clothing,Jacket,16,15,1
2025-06-08,Cairo,Stationery,Pen,9,7,2
2025-04-21,Cairo,Furniture,Couch,7,4,3
2025-03-31,Cairo,Furniture,Chair,8,2,6
2025-06-02,Tanta,Electronics,Tablet,5,0,5
2025-06-18,Mansoura,Stationery,Notebook,19,7,12
2025-05-21,Cairo,Stationery,Pen,16,16,0
2025-04-21,Cairo,Electronics,Tablet,13,2,11
2025-05-04,Cairo,Clothing,Pants,17,12,5
2025-05-03,Tanta,Electronics,Tablet,10,1,9
2025-06-01,Mansoura,Electronics,Laptop,8,3,5
2025-05-12,Mansoura,Electronics,Laptop,13,3,10
2025-06-24,Cairo,Stationery,Pen,19,8,11
2025-06-21,Cairo,Electronics,Phone,0,0,0
2025-05-09,Cairo,Stationery,Notebook,4,4,0
2025-06-24,Cairo,Clothing,Jacket,5,0,5
2025-06-22,Tanta,Stationery,Pen,16,5,11
2025-04-16,Mansoura,Furniture,Couch,12,11,1
2025-06-27,Mansoura,Clothing,Shirt,3,1,2
2025-04-28,Cairo,Electronics,Laptop,4,1,3
2025-04-11,Cairo,Clothing,Pants,1,1,0
2025-06-02,Cairo,Clothing,Shoes,6,0,6
2025-06-22,Cairo,Stationery,Marker,8,3,5
2025-04-26,Tanta,Electronics,Tablet,5,1,4
2025-05-27,Tanta,Electronics,Phone,4,1,3
2025-05-20,Cairo,Furniture,Desk,12,8,4
2025-04-24,Tanta,Stationery,Folder,18,3,15
2025-06-14,Mansoura,Clothing,Shirt,15,3,12
2025-05-23,Mansoura,Stationery,Notebook,17,12,5
2025-06-13,Alexandria,Stationery,Pen,15,4,11
2025-04-07,Alexandria,Electronics,Phone,12,3,9
2025-05-20,Alexandria,Clothing,Shoes,8,5,3
2025-06-14,Tanta,Clothing,Shirt,14,5,9
2025-04-21,Mansoura,Clothing,Shirt,9,9,0
2025-05-19,Tanta,Furniture,Table,6,1,5
2025-05-27,Alexandria,Electronics,Tablet,1,1,0
2025-06-18,Tanta,Clothing,Shirt,0,0,0
2025-05-23,Cairo,Clothing,Jacket,17,13,4
2025-06-21,Cairo,Furniture,Table,4,0,4
2025-04-29,Cairo,Stationery,Pen,13,11,2
2025-03-31,Cairo,Electronics,Laptop,16,1,15
2025-04-25,Cairo,Clothing,Pants,1,1,0
2025-04-11,Alexandria,Stationery,Folder,11,8,3
2025-05-04,Alexandria,Clothing,Shirt,0,0,0
2025-05-10,Alexandria,Furniture,Couch,8,4,4
2025-04-11,Alexandria,Stationery,Pen,1,0,1
2025-05-19,Mansoura,Furniture,Chair,5,0,5
2025-04-22,Mansoura,Electronics,Laptop,4,1,3
2025-04-14,Alexandria,Stationery,Notebook,13,11,2
2025-04-22,Cairo,Electronics,Laptop,14,2,12
2025-06-06,Mansoura,Furniture,Desk,13,5,8
2025-06-25,Cairo,Electronics,Laptop,2,0,2
2025-05-19,Cairo,Electronics,Laptop,5,4,1
2025-06-15,Cairo,Electronics,Phone,4,0,4
2025-06-26,Cairo,Stationery,Notebook,11,2,9
2025-05-29,Mansoura,Stationery,Marker,15,1,14
2025-04-09,Cairo,Electronics,Tablet,17,6,11
2025-05-02,Cairo,Electronics,TV,5,3,2
2025-04-21,Tanta,Stationery,Pen,1,0,1
2025-06-23,Alexandria,Electronics,TV,19,8,11
2025-04-10,Cairo,Furniture,Couch,15,4,11
2025-05-17,Mansoura,Furniture,Desk,4,4,0
2025-05-26,Alexandria,Stationery,Folder,8,4,4
2025-05-11,Cairo,Clothing,Jacket,16,6,10
2025-05-22,Cairo,Electronics,Phone,1,0,1
2025-04-11,Mansoura,Electronics,TV,14,10,4
2025-05-11,Cairo,Clothing,Shirt,17,14,3
2025-03-31,Cairo,Furniture,Desk,15,0,15
2025-04-08,Cairo,Clothing,Shoes,4,1,3
2025-05-13,Tanta,Electronics,Phone,5,2,3
2025-05-24,Alexandria,Stationery,Folder,18,18,0
2025-04-22,Tanta,Clothing,Jacket,7,7,0
2025-05-21,Mansoura,Stationery,Folder,13,7,6
2025-05-06,Mansoura,Electronics,TV,1,1,0
2025-06-15,Mansoura,Clothing,Shoes,9,6,3
2025-06-26,Alexandria,Stationery,Pen,13,5,8
2025-06-16,Alexandria,Clothing,Shirt,7,1,6
2025-05-12,Mansoura,Clothing,Shoes,3,0,3
2025-05-08,Tanta,Furniture,Table,12,3,9
2025-04-10,Alexandria,Electronics,Tablet,4,1,3
2025-05-03,Alexandria,Stationery,Folder,8,5,3
2025-06-26,Cairo,Clothing,Jacket,17,3,14
2025-05-24,Mansoura,Electronics,TV,19,9,10
2025-04-10,Alexandria,Stationery,Notebook,3,0,3
2025-05-31,Cairo,Clothing,Jacket,12,9,3
2025-05-02,Alexandria,Electronics,Tablet,18,16,2
2025-06-11,Mansoura,Furniture,Chair,4,1,3
2025-04-11,Alexandria,Clothing,Pants,12,4,8
2025-05-10,Alexandria,Furniture,Table,17,5,12
2025-06-06,Cairo,Clothing,Jacket,12,8,4
2025-04-24,Cairo,Stationery,Pen,3,2,1
2025-04-23,Alexandria,Stationery,Marker,13,5,8
2025-05-24,Mansoura,Clothing,Shirt,12,5,7
2025-04-03,Mansoura,Electronics,Phone,10,1,9
2025-04-05,Mansoura,Electronics,TV,13,1,12
2025-05-11,Mansoura,Electronics,Phone,1,0,1
2025-06-17,Mansoura,Clothing,Jacket,14,13,1
2025-06-16,Alexandria,Clothing,Shoes,7,0,7
2025-06-28,Cairo,Stationery,Notebook,3,2,1
2025-05-09,Cairo,Clothing,Pants,3,1,2
2025-06-17,Alexandria,Stationery,Pen,6,5,1
2025-05-19,Tanta,Clothing,Jacket,7,1,6
2025-04-11,Tanta,Furniture,Chair,19,12,7
2025-04-27,Tanta,Furniture,Table,19,3,16
2025-06-12,Cairo,Electronics,Phone,12,2,10
2025-04-03,Alexandria,Electronics,Tablet,9,1,8
2025-06-25,Alexandria,Clothing,Shirt,9,8,1
2025-06-21,Mansoura,Electronics,Tablet,4,4,0
2025-04-04,Mansoura,Clothing,Shirt,12,8,4
2025-06-03,Mansoura,Electronics,Laptop,2,2,0
2025-06-21,Alexandria,Stationery,Folder,0,0,0
2025-05-31,Tanta,Clothing,Pants,14,5,9
2025-04-17,Alexandria,Furniture,Desk,16,12,4
2025-04-01,Tanta,Electronics,Phone,14,13,1
2025-06-14,Cairo,Clothing,Shoes,17,7,10
2025-04-29,Alexandria,Electronics,Phone,10,0,10
2025-04-25,Alexandria,Electronics,Laptop,14,1,13
2025-06-01,Alexandria,Stationery,Marker,19,12,7
2025-06-09,Cairo,Furniture,Chair,16,14,2
2025-04-17,Tanta,Electronics,Phone,8,5,3
2025-06-02,Mansoura,Stationery,Folder,9,0,9
2025-04-27,Alexandria,Electronics,TV,15,9,6
2025-06-28,Mansoura,Stationery,Pen,14,4,10
2025-05-08,Alexandria,Furniture,Table,6,3,3
2025-04-04,Cairo,Furniture,Couch,11,1,10
2025-06-28,Mansoura,Furniture,Couch,16,1,15
2025-06-15,Cairo,Stationery,Notebook,13,7,6
2025-05-09,Mansoura,Stationery,Notebook,10,10,0
2025-06-12,Alexandria,Electronics,Laptop,13,13,0
2025-05-23,Mansoura,Furniture,Couch,19,15,4
2025-04-01,Alexandria,Stationery,Notebook,2,2,0
2025-05-19,Tanta,Furniture,Chair,13,6,7
2025-04-10,Alexandria,Electronics,Phone,12,8,4
2025-05-06,Tanta,Clothing,Shirt,19,4,15
2025-04-03,Mansoura,Electronics,Laptop,16,3,13
2025-04-08,Mansoura,Electronics,Tablet,13,12,1
2025-06-20,Alexandria,Furniture,Desk,4,3,1
2025-06-10,Cairo,Stationery,Folder,12,3,9
2025-04-09,Alexandria,Clothing,Shirt,18,9,9
2025-04-13,Alexandria,Clothing,Pants,13,12,1
2025-06-17,Alexandria,Clothing,Pants,10,8,2
2025-05-26,Cairo,Stationery,Folder,15,9,6
2025-06-20,Cairo,Clothing,Pants,2,0,2
2025-04-13,Alexandria,Furniture,Couch,12,5,7
2025-06-25,Cairo,Clothing,Pants,16,13,3
2025-04-25,Cairo,Electronics,Phone,10,1,9
2025-05-15,Tanta,Clothing,Pants,0,0,0
2025-06-10,Alexandria,Clothing,Shoes,2,1,1
2025-04-30,Mansoura,Furniture,Couch,13,4,9
2025-04-24,Mansoura,Clothing,Shirt,1,1,0
2025-05-07,Alexandria,Furniture,Desk,4,2,2
2025-05-13,Cairo,Electronics,TV,6,4,2
2025-05-25,Mansoura,Stationery,Pen,15,4,11
2025-04-02,Mansoura,Furniture,Couch,7,3,4
2025-05-09,Cairo,Clothing,Shirt,4,3,1
2025-05-02,Mansoura,Furniture,Desk,15,3,12
2025-05-10,Alexandria,Furniture,Chair,0,0,0
2025-05-25,Tanta,Stationery,Pen,12,4,8
2025-06-07,Tanta,Clothing,Shoes,14,12,2
2025-04-20,Tanta,Stationery,Notebook,15,0,15
2025-04-08,Tanta,Stationery,Notebook,10,3,7
2025-06-21,Mansoura,Stationery,Notebook,10,9,1
2025-04-23,Alexandria,Furniture,Chair,18,7,11
2025-04-11,Cairo,Stationery,Pen,16,16,0
2025-04-26,Tanta,Stationery,Notebook,19,7,12
2025-05-08,Mansoura,Electronics,Phone,1,0,1
2025-04-17,Alexandria,Stationery,Notebook,7,7,0
2025-04-10,Tanta,Furniture,Desk,11,7,4
2025-05-17,Cairo,Stationery,Pen,12,0,12
2025-05-17,Mansoura,Electronics,Tablet,14,4,10
2025-05-25,Alexandria,Clothing,Shirt,10,2,8
2025-06-17,Mansoura,Clothing,Jacket,18,5,13
2025-05-26,Alexandria,Clothing,Shirt,14,9,5
2025-05-16,Alexandria,Electronics,Tablet,2,2,0
2025-06-01,Cairo,Clothing,Jacket,15,10,5
2025-06-11,Mansoura,Electronics,TV,9,8,1
2025-04-03,Tanta,Stationery,Folder,19,1,18
2025-05-10,Mansoura,Electronics,Phone,0,0,0
2025-04-17,Tanta,Clothing,Shoes,19,16,3
2025-05-03,Alexandria,Furniture,Chair,3,3,0
2025-04-24,Alexandria,Furniture,Desk,5,4,1
2025-05-06,Cairo,Stationery,Folder,19,4,15
2025-06-04,Cairo,Furniture,Couch,10,2,8
2025-04-05,Alexandria,Clothing,Shirt,5,1,4
2025-05-11,Alexandria,Clothing,Jacket,16,0,16
2025-05-10,Tanta,Stationery,Marker,10,5,5
2025-05-09,Tanta,Stationery,Folder,6,6,0
2025-06-24,Alexandria,Clothing,Shoes,13,6,7
2025-05-30,Mansoura,Clothing,Shoes,18,9,9
2025-06-04,Tanta,Clothing,Pants,15,15,0
2025-06-03,Tanta,Electronics,Tablet,4,4,0
2025-06-21,Cairo,Electronics,Laptop,13,8,5
2025-04-21,Alexandria,Furniture,Desk,13,5,8
2025-05-05,Alexandria,Stationery,Folder,7,3,4
2025-06-17,Alexandria,Electronics,Laptop,0,0,0
2025-04-27,Alexandria,Clothing,Shirt,13,4,9
2025-05-22,Tanta,Furniture,Desk,7,2,5
2025-04-22,Tanta,Electronics,TV,8,5,3
2025-05-27,Alexandria,Stationery,Pen,11,10,1
2025-05-27,Mansoura,Electronics,Phone,15,11,4
2025-05-18,Mansoura,Clothing,Jacket,5,4,1
2025-06-15,Tanta,Furniture,Couch,11,11,0
2025-05-12,Tanta,Furniture,Table,18,12,6
2025-05-25,Mansoura,Electronics,Laptop,16,2,14
2025-06-13,Cairo,Electronics,Phone,14,8,6
2025-05-19,Tanta,Furniture,Desk,10,9,1
2025-06-06,Cairo,Furniture,Chair,5,1,4
2025-04-06,Alexandria,Furniture,Couch,9,4,5
2025-05-13,Tanta,Clothing,Shirt,17,13,4
2025-05-16,Cairo,Clothing,Pants,12,5,7
2025-04-22,Tanta,Electronics,Phone,15,11,4
2025-06-14,Alexandria,Stationery,Folder,3,2,1
2025-05-05,Tanta,Furniture,Table,9,9,0
2025-05-18,Alexandria,Stationery,Notebook,19,12,7
2025-04-08,Alexandria,Stationery,Pen,16,11,5
2025-04-23,Cairo,Electronics,TV,5,4,1
2025-04-22,Mansoura,Stationery,Folder,5,1,4
2025-04-27,Tanta,Furniture,Desk,16,2,14
2025-05-06,Cairo,Clothing,Shirt,10,9,1
2025-05-04,Alexandria,Electronics,Phone,17,7,10
2025-06-25,Cairo,Furniture,Table,2,0,2
2025-05-16,Tanta,Clothing,Pants,5,2,3
2025-05-31,Tanta,Clothing,Shoes,16,11,5
2025-06-17,Tanta,Stationery,Marker,19,8,11
2025-06-27,Cairo,Stationery,Pen,2,1,1
2025-05-16,Cairo,Clothing,Shirt,13,0,13
2025-04-26,Cairo,Clothing,Shirt,18,4,14
2025-04-13,Tanta,Furniture,Chair,4,1,3
2025-05-13,Alexandria,Stationery,Folder,19,12,7
2025-04-27,Mansoura,Electronics,Phone,8,4,4
2025-05-05,Tanta,Furniture,Couch,7,7,0
2025-04-21,Mansoura,Clothing,Jacket,4,3,1
2025-04-12,Alexandria,Stationery,Marker,4,0,4
2025-06-19,Cairo,Stationery,Folder,6,4,2
2025-06-06,Alexandria,Stationery,Marker,4,0,4
2025-06-23,Alexandria,Stationery,Pen,1,1,0
2025-05-16,Cairo,Clothing,Shirt,8,0,8
2025-04-04,Mansoura,Clothing,Shoes,13,13,0
2025-04-04,Cairo,Electronics,Laptop,6,0,6
2025-06-25,Alexandria,Clothing,Pants,18,15,3
2025-06-16,Tanta,Furniture,Desk,17,1,16
2025-04-24,Mansoura,Electronics,Phone,4,1,3
2025-05-15,Tanta,Clothing,Shoes,11,10,1
2025-06-14,Tanta,Furniture,Chair,14,9,5
2025-04-26,Alexandria,Electronics,Laptop,2,0,2
2025-04-29,Mansoura,Stationery,Pen,3,1,2
2025-06-08,Mansoura,Furniture,Table,13,5,8
2025-05-19,Cairo,Stationery,Marker,6,1,5
2025-05-14,Mansoura,Furniture,Desk,8,1,7
2025-04-29,Tanta,Electronics,Phone,14,8,6
2025-06-17,Cairo,Furniture,Chair,14,7,7
2025-05-01,Alexandria,Clothing,Pants,18,3,15
2025-06-11,Tanta,Electronics,Tablet,8,8,0
2025-05-03,Mansoura,Clothing,Shoes,14,2,12
2025-04-10,Alexandria,Electronics,Laptop,5,2,3
2025-04-07,Cairo,Furniture,Couch,14,14,0
2025-04-04,Cairo,Furniture,Desk,8,6,2
2025-04-03,Mansoura,Furniture,Chair,12,9,3
2025-06-21,Cairo,Furniture,Table,17,2,15
2025-05-08,Tanta,Furniture,Chair,10,2,8
2025-04-29,Mansoura,Electronics,TV,9,8,1
2025-05-26,Mansoura,Furniture,Table,14,6,8
2025-06-16,Alexandria,Clothing,Pants,6,3,3
2025-04-04,Cairo,Clothing,Pants,10,1,9
2025-04-30,Mansoura,Electronics,Phone,4,3,1
2025-06-23,Cairo,Clothing,Shirt,6,4,2
2025-04-03,Cairo,Furniture,Couch,4,0,4
2025-06-04,Tanta,Electronics,TV,2,2,0
2025-04-20,Cairo,Electronics,TV,12,7,5
2025-06-01,Alexandria,Stationery,Marker,13,1,12
2025-04-28,Tanta,Furniture,Chair,3,2,1
2025-04-25,Mansoura,Clothing,Jacket,9,5,4
2025-04-30,Alexandria,Clothing,Shoes,11,11,0
2025-06-18,Tanta,Clothing,Jacket,8,5,3
2025-04-05,Mansoura,Stationery,Folder,12,6,6
2025-04-07,Alexandria,Furniture,Chair,11,1,10
2025-06-12,Mansoura,Electronics,Tablet,11,2,9
2025-05-22,Tanta,Clothing,Shirt,5,0,5
2025-06-09,Alexandria,Furniture,Chair,3,3,0
2025-04-21,Tanta,Stationery,Pen,15,5,10
2025-04-08,Cairo,Clothing,Shirt,1,1,0
2025-05-15,Mansoura,Clothing,Shirt,10,10,0
2025-06-14,Cairo,Clothing,Shirt,12,5,7
2025-04-30,Cairo,Furniture,Chair,0,0,0
2025-04-24,Cairo,Clothing,Jacket,17,12,5
2025-04-07,Alexandria,Furniture,Table,10,1,9
2025-06-10,Cairo,Electronics,Tablet,12,6,6
2025-04-27,Tanta,Clothing,Shoes,14,5,9
2025-05-13,Alexandria,Clothing,Jacket,8,7,1
2025-04-27,Cairo,Clothing,Shoes,3,2,1
2025-06-08,Mansoura,Clothing,Jacket,18,17,1
2025-04-20,Tanta,Stationery,Notebook,12,11,1
2025-04-12,Mansoura,Electronics,Phone,1,0,1
2025-03-31,Mansoura,Electronics,TV,8,1,7
2025-04-20,Mansoura,Clothing,Shoes,18,18,0
2025-06-06,Mansoura,Furniture,Chair,10,4,6
2025-06-10,Tanta,Stationery,Pen,10,1,9
2025-03-31,Cairo,Clothing,Pants,0,0,0
2025-05-01,Alexandria,Electronics,Laptop,8,4,4
2025-04-19,Alexandria,Furniture,Chair,7,5,2
2025-04-21,Alexandria,Electronics,Phone,16,11,5
2025-06-02,Alexandria,Stationery,Marker,1,0,1
2025-05-24,Alexandria,Electronics,TV,3,1,2
2025-04-21,Tanta,Stationery,Pen,19,12,7
2025-04-27,Alexandria,Furniture,Chair,4,3,1
2025-06-26,Tanta,Clothing,Shirt,15,12,3
2025-04-08,Alexandria,Stationery,Folder,19,6,13
2025-05-07,Cairo,Stationery,Pen,14,8,6
2025-06-21,Cairo,Clothing,Shirt,19,13,6
2025-04-19,Alexandria,Furniture,Desk,15,12,3
2025-05-24,Alexandria,Stationery,Marker,4,1,3
2025-05-24,Alexandria,Clothing,Jacket,18,3,15
2025-06-09,Tanta,Electronics,TV,10,2,8
2025-05-15,Tanta,Clothing,Shoes,2,0,2
2025-04-28,Cairo,Stationery,Marker,16,13,3
2025-04-02,Mansoura,Furniture,Table,2,2,0
2025-05-21,Alexandria,Electronics,Tablet,15,11,4
2025-04-30,Cairo,Stationery,Folder,8,0,8
2025-05-13,Tanta,Furniture,Table,0,0,0
2025-06-21,Mansoura,Stationery,Folder,4,0,4
2025-04-27,Tanta,Stationery,Notebook,4,1,3
2025-06-07,Alexandria,Furniture,Couch,4,3,1
2025-04-11,Cairo,Furniture,Couch,13,2,11
2025-06-22,Cairo,Furniture,Couch,11,4,7
2025-04-06,Mansoura,Furniture,Couch,2,1,1
2025-04-08,Cairo,Furniture,Table,12,11,1
2025-06-28,Mansoura,Stationery,Marker,5,0,5
2025-04-14,Mansoura,Furniture,Table,12,1,11
2025-05-21,Alexandria,Clothing,Shirt,1,1,0
2025-06-03,Cairo,Furniture,Couch,16,15,1
2025-06-21,Alexandria,Furniture,Table,8,2,6
2025-05-20,Alexandria,Furniture,Chair,4,3,1
2025-04-05,Tanta,Electronics,TV,12,11,1
2025-05-09,Cairo,Furniture,Table,12,2,10
2025-06-20,Tanta,Clothing,Shirt,6,4,2
2025-04-25,Cairo,Electronics,TV,4,4,0
2025-05-16,Cairo,Electronics,Phone,5,5,0
2025-04-10,Mansoura,Electronics,TV,12,5,7
2025-06-10,Alexandria,Stationery,Folder,16,4,12
2025-04-19,Cairo,Stationery,Folder,5,5,0
2025-05-06,Mansoura,Stationery,Pen,3,0,3
2025-05-12,Alexandria,Clothing,Pants,9,3,6
2025-04-07,Tanta,Clothing,Shirt,19,9,10
2025-05-17,Cairo,Electronics,Laptop,3,1,2
2025-05-07,Cairo,Furniture,Couch,7,6,1
2025-06-10,Cairo,Stationery,Notebook,3,1,2
2025-05-03,Mansoura,Electronics,Tablet,13,6,7
2025-06-25,Alexandria,Electronics,Phone,14,5,9
2025-06-14,Alexandria,Furniture,Desk,7,2,5
2025-04-14,Tanta,Clothing,Jacket,0,0,0
2025-05-18,Alexandria,Clothing,Pants,4,0,4
2025-04-20,Tanta,Stationery,Marker,19,7,12
2025-06-19,Alexandria,Furniture,Desk,0,0,0
2025-06-02,Mansoura,Stationery,Pen,15,11,4
2025-06-02,Mansoura,Furniture,Couch,15,2,13
2025-05-29,Cairo,Stationery,Notebook,9,5,4
2025-05-17,Cairo,Furniture,Desk,13,6,7
2025-06-18,Mansoura,Furniture,Couch,5,5,0
2025-06-03,Cairo,Clothing,Pants,9,5,4
2025-06-04,Alexandria,Clothing,Pants,1,0,1
2025-05-06,Mansoura,Clothing,Jacket,19,10,9
2025-05-28,Mansoura,Electronics,Tablet,2,0,2
2025-04-10,Tanta,Stationery,Pen,19,9,10
2025-05-23,Alexandria,Clothing,Shoes,6,1,5
2025-05-30,Mansoura,Furniture,Desk,9,5,4
2025-05-06,Mansoura,Clothing,Shoes,13,8,5
2025-06-12,Cairo,Furniture,Couch,0,0,0
2025-05-07,Mansoura,Clothing,Pants,18,15,3
2025-06-03,Tanta,Electronics,Tablet,11,4,7
2025-05-10,Alexandria,Clothing,Shoes,9,5,4
2025-04-04,Mansoura,Furniture,Chair,11,3,8
2025-05-12,Cairo,Furniture,Chair,8,8,0
2025-05-27,Mansoura,Furniture,Desk,8,7,1
2025-05-05,Mansoura,Stationery,Marker,7,0,7
2025-04-13,Cairo,Furniture,Couch,7,0,7
2025-04-23,Tanta,Clothing,Jacket,9,5,4
2025-04-11,Cairo,Furniture,Couch,18,14,4
2025-04-14,Tanta,Electronics,Phone,15,6,9
2025-06-06,Alexandria,Stationery,Folder,13,7,6
2025-04-06,Alexandria,Clothing,Jacket,9,3,6
2025-05-16,Cairo,Clothing,Shoes,19,8,11
2025-04-16,Alexandria,Electronics,TV,2,0,2
2025-05-29,Alexandria,Clothing,Jacket,16,11,5
2025-06-22,Cairo,Electronics,Tablet,19,5,14
2025-04-01,Cairo,Electronics,Phone,5,3,2
2025-05-03,Cairo,Furniture,Chair,14,8,6
2025-06-03,Mansoura,Electronics,TV,7,2,5
2025-04-29,Cairo,Furniture,Table,7,3,4
2025-04-10,Mansoura,Stationery,Folder,1,1,0
2025-04-21,Mansoura,Clothing,Shoes,4,4,0
2025-04-02,Cairo,Furniture,Table,5,2,3
2025-05-11,Alexandria,Furniture,Couch,12,2,10
2025-04-05,Tanta,Furniture,Couch,0,0,0
2025-04-09,Mansoura,Furniture,Desk,7,4,3
2025-03-31,Alexandria,Furniture,Table,2,2,0
2025-04-26,Alexandria,Electronics,Laptop,6,2,4
2025-06-09,Mansoura,Clothing,Jacket,13,4,9
2025-04-09,Alexandria,Furniture,Desk,10,4,6
2025-04-04,Alexandria,Furniture,Table,4,0,4
2025-05-27,Cairo,Clothing,Shoes,12,6,6
2025-05-03,Tanta,Furniture,Desk,9,1,8
2025-05-03,Mansoura,Stationery,Folder,14,3,11
2025-05-12,Cairo,Furniture,Table,5,0,5
2025-05-16,Alexandria,Stationery,Notebook,8,2,6
2025-06-13,Cairo,Electronics,Tablet,16,14,2
2025-04-04,Cairo,Clothing,Shoes,9,2,7
2025-06-07,Tanta,Clothing,Jacket,10,6,4
2025-05-10,Alexandria,Clothing,Shirt,3,2,1
2025-05-25,Mansoura,Stationery,Pen,7,6,1
2025-05-03,Mansoura,Stationery,Notebook,6,2,4
2025-04-16,Mansoura,Furniture,Table,0,0,0
2025-06-02,Tanta,Furniture,Table,9,6,3
2025-04-10,Cairo,Electronics,Phone,14,10,4
2025-06-15,Alexandria,Clothing,Shirt,2,1,1
2025-04-29,Alexandria,Electronics,TV,10,9,1
2025-06-25,Tanta,Furniture,Chair,13,4,9
2025-05-28,Tanta,Electronics,Tablet,14,5,9
2025-05-05,Cairo,Furniture,Couch,11,1,10
2025-06-24,Cairo,Electronics,Phone,14,8,6
2025-05-01,Tanta,Stationery,Marker,3,1,2
2025-04-01,Mansoura,Electronics,Tablet,14,0,14
2025-06-24,Tanta,Furniture,Chair,5,3,2
2025-04-01,Alexandria,Electronics,TV,11,6,5
2025-04-25,Alexandria,Clothing,Jacket,2,2,0
2025-06-28,Cairo,Electronics,Laptop,2,0,2
2025-04-23,Mansoura,Clothing,Jacket,15,4,11
2025-06-25,Tanta,Electronics,Tablet,10,1,9
2025-06-12,Alexandria,Stationery,Notebook,15,1,14
2025-06-04,Mansoura,Clothing,Shirt,17,14,3
2025-06-25,Cairo,Clothing,Pants,12,12,0
2025-05-25,Tanta,Furniture,Couch,6,5,1
2025-04-19,Cairo,Stationery,Pen,18,8,10
2025-04-20,Cairo,Clothing,Pants,7,5,2
2025-06-12,Alexandria,Electronics,Phone,7,5,2
2025-06-03,Alexandria,Stationery,Pen,17,15,2
2025-04-02,Cairo,Furniture,Desk,15,2,13
2025-04-22,Tanta,Clothing,Jacket,5,1,4
2025-04-30,Tanta,Electronics,Tablet,17,10,7
2025-05-10,Alexandria,Furniture,Chair,18,12,6
2025-04-10,Alexandria,Electronics,Tablet,6,0,6
2025-04-02,Tanta,Clothing,Shirt,6,0,6
2025-06-27,Alexandria,Furniture,Couch,18,7,11
2025-05-14,Tanta,Stationery,Notebook,4,0,4
2025-04-11,Mansoura,Furniture,Chair,8,6,2
2025-04-14,Tanta,Furniture,Table,5,1,4
2025-06-04,Tanta,Furniture,Chair,1,0,1
2025-05-02,Tanta,Stationery,Notebook,5,4,1
2025-06-02,Alexandria,Furniture,Couch,15,6,9
2025-06-15,Cairo,Stationery,Pen,4,1,3
2025-05-20,Tanta,Stationery,Pen,13,3,10
2025-04-26,Mansoura,Furniture,Couch,13,5,8
2025-06-21,Mansoura,Clothing,Jacket,10,3,7
2025-05-25,Mansoura,Furniture,Couch,6,6,0
2025-05-06,Tanta,Furniture,Chair,18,4,14
2025-04-14,Tanta,Stationery,Pen,0,0,0
2025-06-24,Tanta,Clothing,Shoes,17,10,7
2025-04-14,Cairo,Stationery,Notebook,8,7,1
2025-06-15,Tanta,Stationery,Marker,0,0,0
2025-06-12,Cairo,Electronics,Phone,16,14,2
2025-05-08,Tanta,Stationery,Pen,11,6,5
2025-06-05,Cairo,Electronics,TV,16,16,0
2025-04-06,Alexandria,Electronics,Laptop,1,0,1
2025-04-07,Alexandria,Furniture,Couch,9,3,6
2025-04-04,Cairo,Furniture,Table,5,2,3
2025-05-28,Mansoura,Electronics,Phone,12,3,9
2025-06-28,Tanta,Electronics,Laptop,2,1,1
2025-06-19,Tanta,Electronics,Phone,18,15,3
2025-05-07,Tanta,Electronics,Phone,5,2,3
2025-06-09,Mansoura,Furniture,Couch,5,3,2
2025-04-07,Tanta,Stationery,Notebook,11,8,3
2025-04-23,Alexandria,Furniture,Chair,13,9,4
2025-06-28,Tanta,Electronics,Phone,18,4,14
2025-05-11,Alexandria,Electronics,Phone,1,0,1
2025-06-22,Cairo,Stationery,Notebook,5,4,1
2025-06-02,Mansoura,Clothing,Jacket,16,8,8
2025-06-05,Mansoura,Clothing,Shoes,8,5,3
2025-06-18,Tanta,Stationery,Pen,3,3,0
2025-04-25,Tanta,Furniture,Chair,14,8,6
2025-06-13,Cairo,Electronics,Laptop,18,6,12
2025-06-14,Alexandria,Furniture,Desk,13,13,0
2025-06-06,Tanta,Clothing,Shoes,12,12,0
2025-06-11,Mansoura,Electronics,Phone,11,10,1
2025-05-25,Cairo,Electronics,TV,4,1,3
2025-06-11,Mansoura,Stationery,Marker,1,0,1
2025-06-17,Alexandria,Electronics,Tablet,6,6,0
2025-04-08,Alexandria,Stationery,Notebook,2,0,2
2025-06-15,Mansoura,Stationery,Marker,16,14,2
2025-05-25,Tanta,Stationery,Pen,5,5,0
2025-06-25,Tanta,Clothing,Jacket,12,3,9
2025-04-14,Cairo,Electronics,TV,2,0,2
2025-05-05,Alexandria,Clothing,Jacket,18,13,5
2025-04-20,Alexandria,Electronics,Tablet,6,0,6
2025-05-30,Alexandria,Electronics,TV,12,3,9
2025-04-10,Mansoura,Stationery,Notebook,15,1,14
2025-05-07,Tanta,Furniture,Desk,3,2,1
2025-04-25,Mansoura,Furniture,Couch,0,0,0
2025-04-14,Alexandria,Furniture,Desk,19,10,9
2025-06-16,Mansoura,Furniture,Desk,7,3,4
2025-04-04,Cairo,Furniture,Table,8,1,7
2025-05-26,Alexandria,Furniture,Table,18,0,18
2025-06-01,Cairo,Electronics,TV,0,0,0
2025-05-15,Alexandria,Clothing,Shirt,1,1,0
2025-04-22,Mansoura,Clothing,Shirt,15,0,15
2025-04-20,Alexandria,Stationery,Pen,15,9,6
2025-06-08,Alexandria,Clothing,Shirt,14,13,1
2025-04-06,Alexandria,Electronics,Tablet,19,18,1
2025-04-25,Cairo,Clothing,Shoes,1,1,0
2025-05-23,Tanta,Stationery,Pen,0,0,0
2025-06-14,Alexandria,Stationery,Pen,11,1,10
2025-05-06,Mansoura,Stationery,Marker,13,7,6
2025-04-22,Cairo,Electronics,Tablet,19,9,10
2025-06-24,Tanta,Clothing,Shirt,13,5,8
2025-04-26,Alexandria,Stationery,Folder,10,2,8
2025-06-16,Cairo,Electronics,Phone,8,1,7
2025-05-19,Tanta,Stationery,Marker,5,5,0
2025-04-02,Cairo,Furniture,Couch,5,4,1
2025-04-13,Alexandria,Furniture,Table,14,14,0
2025-04-14,Alexandria,Furniture,Table,3,2,1
2025-04-09,Tanta,Stationery,Notebook,10,6,4
2025-06-07,Tanta,Stationery,Folder,0,0,0
2025-05-11,Cairo,Electronics,Laptop,3,3,0
2025-05-09,Mansoura,Stationery,Folder,6,2,4
2025-04-20,Mansoura,Furniture,Desk,11,4,7
2025-04-16,Cairo,Electronics,Laptop,17,8,9
2025-06-11,Tanta,Electronics,Tablet,12,12,0
2025-04-06,Alexandria,Clothing,Pants,2,0,2
2025-06-08,Tanta,Furniture,Desk,7,0,7
2025-05-28,Mansoura,Clothing,Shirt,3,3,0
2025-05-10,Cairo,Stationery,Notebook,8,2,6
2025-06-21,Tanta,Stationery,Folder,18,10,8
2025-04-15,Alexandria,Furniture,Desk,11,3,8
2025-05-20,Tanta,Furniture,Table,18,17,1
2025-06-11,Tanta,Electronics,Laptop,8,0,8
2025-05-15,Alexandria,Furniture,Table,0,0,0
2025-05-16,Mansoura,Electronics,Phone,14,7,7
2025-05-23,Tanta,Furniture,Table,0,0,0
2025-04-05,Mansoura,Furniture,Desk,18,4,14
2025-06-21,Mansoura,Electronics,TV,5,3,2
2025-04-30,Mansoura,Stationery,Folder,14,5,9
2025-05-03,Alexandria,Electronics,Phone,8,0,8
2025-06-21,Cairo,Furniture,Desk,19,10,9
2025-06-19,Alexandria,Furniture,Table,7,3,4
2025-06-02,Cairo,Furniture,Table,18,7,11
2025-04-07,Alexandria,Stationery,Folder,2,1,1
2025-04-17,Mansoura,Stationery,Pen,0,0,0
2025-04-14,Mansoura,Electronics,TV,4,4,0
2025-05-16,Mansoura,Furniture,Chair,1,0,1
2025-06-04,Alexandria,Clothing,Jacket,18,0,18
2025-04-24,Alexandria,Stationery,Folder,7,2,5
2025-04-12,Tanta,Stationery,Pen,9,8,1
2025-06-17,Alexandria,Furniture,Desk,19,13,6
2025-05-22,Cairo,Clothing,Shirt,16,0,16
2025-05-30,Alexandria,Stationery,Marker,15,8,7
2025-04-15,Tanta,Furniture,Chair,9,1,8
2025-05-24,Mansoura,Electronics,TV,19,4,15
2025-03-31,Mansoura,Electronics,Phone,19,18,1
2025-05-12,Cairo,Stationery,Notebook,1,1,0
2025-04-10,Cairo,Clothing,Pants,8,1,7
2025-06-18,Tanta,Stationery,Folder,11,10,1
2025-06-26,Mansoura,Furniture,Couch,8,8,0
2025-04-18,Mansoura,Electronics,Phone,6,2,4
2025-04-26,Tanta,Stationery,Marker,9,0,9
2025-04-03,Mansoura,Stationery,Marker,18,5,13
2025-06-28,Tanta,Clothing,Pants,7,1,6
2025-05-08,Mansoura,Stationery,Marker,6,4,2
2025-05-23,Mansoura,Electronics,Laptop,19,1,18
2025-06-24,Tanta,Furniture,Table,6,5,1
2025-04-24,Cairo,Stationery,Folder,14,14,0
2025-06-28,Mansoura,Clothing,Shoes,10,3,7
2025-04-02,Mansoura,Clothing,Pants,0,0,0
2025-05-21,Cairo,Stationery,Notebook,14,5,9
2025-06-27,Alexandria,Clothing,Shoes,5,0,5
2025-04-10,Mansoura,Electronics,Phone,3,1,2
2025-04-11,Alexandria,Electronics,Phone,2,0,2
2025-04-29,Cairo,Clothing,Shoes,15,11,4
2025-06-02,Cairo,Electronics,Tablet,10,9,1
2025-05-11,Cairo,Clothing,Jacket,17,15,2
2025-04-02,Tanta,Stationery,Notebook,11,5,6
2025-05-07,Tanta,Electronics,TV,14,4,10
2025-06-14,Alexandria,Stationery,Marker,16,12,4
2025-06-13,Mansoura,Stationery,Pen,2,0,2
2025-04-26,Alexandria,Electronics,Phone,15,7,8
2025-06-06,Mansoura,Furniture,Chair,19,19,0
2025-05-17,Cairo,Stationery,Folder,18,10,8
2025-05-16,Alexandria,Electronics,Tablet,4,2,2
2025-06-24,Cairo,Clothing,Pants,1,0,1
2025-06-15,Tanta,Electronics,Tablet,5,2,3
2025-04-16,Mansoura,Stationery,Marker,12,12,0
2025-05-23,Alexandria,Clothing,Shoes,10,2,8
2025-04-06,Cairo,Furniture,Desk,19,10,9
2025-05-10,Tanta,Electronics,TV,10,8,2
2025-04-07,Tanta,Clothing,Jacket,18,0,18
2025-06-16,Cairo,Clothing,Shoes,2,2,0
2025-05-22,Mansoura,Stationery,Folder,13,3,10
2025-04-15,Mansoura,Electronics,Tablet,3,0,3
2025-05-11,Alexandria,Clothing,Pants,5,3,2
2025-05-13,Mansoura,Clothing,Jacket,16,7,9
2025-06-18,Mansoura,Electronics,Laptop,15,14,1
2025-06-19,Mansoura,Furniture,Couch,7,0,7
2025-04-04,Cairo,Electronics,TV,1,1,0
2025-05-24,Cairo,Electronics,TV,1,1,0
2025-06-08,Mansoura,Electronics,Tablet,14,14,0
2025-05-08,Mansoura,Furniture,Desk,1,0,1
2025-05-29,Tanta,Clothing,Shirt,13,9,4
2025-05-12,Alexandria,Furniture,Chair,10,0,10
2025-04-07,Tanta,Electronics,TV,7,6,1
2025-06-14,Cairo,Electronics,TV,3,0,3
2025-04-08,Tanta,Furniture,Chair,18,14,4
2025-04-27,Mansoura,Clothing,Jacket,19,7,12
2025-06-07,Cairo,Electronics,TV,11,8,3
2025-04-24,Tanta,Electronics,Laptop,13,2,11
2025-04-18,Tanta,Clothing,Shirt,15,1,14
2025-05-13,Mansoura,Furniture,Desk,4,2,2
2025-06-02,Alexandria,Clothing,Pants,11,0,11
2025-06-09,Tanta,Furniture,Table,2,0,2
2025-05-07,Mansoura,Stationery,Pen,3,0,3
2025-06-03,Tanta,Stationery,Notebook,12,10,2
2025-05-05,Alexandria,Electronics,Tablet,16,9,7
2025-05-02,Alexandria,Clothing,Jacket,6,5,1
2025-05-25,Cairo,Furniture,Chair,15,1,14
2025-06-10,Mansoura,Electronics,Phone,17,6,11
2025-06-25,Tanta,Electronics,Tablet,10,8,2
2025-04-07,Cairo,Furniture,Desk,0,0,0
2025-05-24,Mansoura,Electronics,TV,14,1,13
2025-06-10,Cairo,Electronics,TV,9,2,7
2025-06-05,Tanta,Stationery,Folder,2,0,2
2025-04-25,Alexandria,Stationery,Folder,2,2,0
2025-05-04,Cairo,Furniture,Table,8,0,8
2025-06-09,Mansoura,Stationery,Folder,2,0,2
2025-05-23,Tanta,Stationery,Folder,5,5,0
2025-06-15,Cairo,Clothing,Shoes,14,11,3
2025-06-05,Mansoura,Electronics,Laptop,3,1,2
2025-04-11,Tanta,Furniture,Couch,2,0,2
2025-04-15,Tanta,Clothing,Shirt,16,9,7
2025-04-17,Cairo,Stationery,Pen,14,2,12
2025-04-14,Cairo,Stationery,Marker,10,5,5
2025-06-14,Tanta,Electronics,Tablet,4,1,3
2025-06-18,Mansoura,Furniture,Table,6,6,0
2025-06-23,Mansoura,Furniture,Table,7,5,2
2025-05-31,Alexandria,Furniture,Couch,6,5,1
2025-06-19,Cairo,Stationery,Folder,8,8,0
2025-04-07,Cairo,Electronics,Laptop,8,8,0
2025-05-14,Cairo,Clothing,Pants,9,8,1
2025-06-10,Cairo,Furniture,Couch,0,0,0
2025-05-26,Alexandria,Electronics,Laptop,0,0,0
2025-06-26,Cairo,Electronics,Tablet,6,2,4
2025-04-15,Alexandria,Electronics,Phone,0,0,0
2025-05-06,Alexandria,Furniture,Couch,6,5,1
2025-04-11,Mansoura,Electronics,Tablet,15,14,1
2025-04-01,Cairo,Furniture,Desk,4,1,3
2025-05-01,Mansoura,Clothing,Shirt,4,3,1
2025-06-24,Alexandria,Clothing,Shirt,3,3,0
2025-05-08,Tanta,Electronics,Tablet,19,0,19
2025-06-16,Alexandria,Furniture,Table,8,0,8
2025-05-04,Mansoura,Clothing,Shoes,3,1,2
2025-06-14,Tanta,Electronics,Phone,17,16,1
2025-05-20,Cairo,Electronics,TV,10,0,10
2025-06-16,Alexandria,Clothing,Jacket,7,0,7
2025-05-15,Cairo,Stationery,Notebook,2,1,1
2025-05-12,Mansoura,Stationery,Pen,4,2,2
2025-05-02,Cairo,Furniture,Couch,15,5,10
2025-04-02,Mansoura,Electronics,Tablet,9,4,5
2025-05-24,Mansoura,Clothing,Shoes,3,1,2
2025-06-12,Tanta,Stationery,Folder,19,10,9
2025-05-06,Tanta,Electronics,Laptop,7,7,0
2025-04-11,Mansoura,Furniture,Couch,3,1,2
2025-06-22,Mansoura,Electronics,Laptop,7,4,3
2025-05-11,Cairo,Stationery,Folder,7,1,6
2025-06-19,Cairo,Furniture,Table,15,15,0
2025-06-17,Cairo,Stationery,Marker,11,11,0
2025-04-05,Alexandria,Stationery,Folder,3,3,0
2025-04-17,Alexandria,Electronics,Tablet,0,0,0
2025-06-06,Alexandria,Furniture,Couch,1,1,0
2025-06-24,Tanta,Electronics,TV,12,8,4
2025-04-01,Tanta,Stationery,Notebook,5,1,4
2025-04-10,Alexandria,Stationery,Pen,19,7,12
2025-04-27,Cairo,Stationery,Marker,6,3,3
2025-04-22,Mansoura,Stationery,Pen,17,2,15
2025-05-31,Tanta,Furniture,Couch,18,1,17
2025-05-07,Tanta,Furniture,Chair,6,3,3
2025-04-26,Mansoura,Stationery,Pen,15,11,4
2025-06-20,Tanta,Electronics,Phone,6,4,2
2025-06-28,Tanta,Electronics,Phone,10,5,5
2025-04-17,Cairo,Furniture,Table,5,2,3
2025-04-24,Mansoura,Electronics,Tablet,2,0,2
2025-05-05,Cairo,Clothing,Shirt,2,0,2
2025-04-29,Alexandria,Furniture,Desk,3,2,1
2025-06-01,Cairo,Stationery,Notebook,15,13,2
2025-04-03,Cairo,Electronics,Laptop,7,3,4
2025-04-09,Tanta,Furniture,Table,8,8,0
2025-04-25,Tanta,Furniture,Desk,0,0,0
2025-05-29,Tanta,Stationery,Marker,13,4,9
2025-05-14,Tanta,Clothing,Shirt,12,5,7
2025-05-25,Alexandria,Clothing,Shoes,5,0,5
2025-04-12,Tanta,Stationery,Notebook,3,3,0
2025-04-22,Alexandria,Clothing,Shirt,10,6,4
2025-06-18,Cairo,Electronics,Phone,15,3,12
2025-06-14,Cairo,Stationery,Pen,10,5,5
2025-04-11,Mansoura,Furniture,Table,14,6,8
2025-05-26,Alexandria,Furniture,Couch,16,13,3
2025-06-05,Tanta,Stationery,Pen,8,7,1
2025-05-23,Cairo,Furniture,Table,19,6,13
2025-05-24,Cairo,Electronics,Tablet,8,3,5
2025-06-25,Tanta,Furniture,Chair,14,11,3
2025-04-28,Tanta,Electronics,Phone,8,3,5
2025-05-10,Mansoura,Clothing,Shirt,7,4,3
2025-06-21,Cairo,Electronics,TV,4,2,2
2025-04-21,Mansoura,Clothing,Shirt,11,11,0
2025-04-01,Alexandria,Electronics,Phone,14,12,2
2025-05-25,Tanta,Furniture,Chair,6,3,3
2025-05-23,Alexandria,Stationery,Notebook,11,1,10
2025-04-30,Tanta,Furniture,Couch,6,3,3
2025-06-16,Cairo,Furniture,Desk,14,10,4
2025-05-31,Tanta,Stationery,Pen,14,0,14
2025-06-05,Tanta,Clothing,Shoes,7,0,7
2025-04-18,Mansoura,Clothing,Pants,18,17,1
2025-04-25,Cairo,Electronics,TV,17,10,7
2025-05-31,Tanta,Furniture,Desk,11,2,9
2025-04-27,Alexandria,Stationery,Marker,2,2,0
2025-04-05,Alexandria,Stationery,Pen,2,0,2
2025-05-14,Tanta,Electronics,TV,14,2,12
2025-04-21,Alexandria,Furniture,Table,12,7,5
2025-05-19,Tanta,Furniture,Chair,1,1,0
2025-05-12,Mansoura,Electronics,TV,18,16,2
2025-06-06,Cairo,Furniture,Couch,5,0,5
2025-05-15,Alexandria,Stationery,Pen,19,15,4
2025-05-17,Tanta,Stationery,Folder,19,11,8
2025-04-05,Mansoura,Stationery,Marker,13,10,3
2025-04-12,Mansoura,Electronics,Laptop,10,1,9
2025-06-20,Cairo,Electronics,Phone,16,8,8
2025-05-19,Tanta,Stationery,Pen,14,12,2
2025-04-18,Alexandria,Furniture,Desk,13,11,2
2025-06-11,Mansoura,Electronics,Tablet,3,1,2
2025-04-14,Mansoura,Stationery,Folder,15,1,14
2025-06-06,Cairo,Electronics,Tablet,3,0,3
2025-06-04,Alexandria,Clothing,Shoes,15,9,6
2025-06-18,Cairo,Furniture,Table,7,0,7
2025-06-03,Cairo,Clothing,Shirt,5,3,2
2025-05-19,Tanta,Electronics,TV,7,1,6
2025-05-31,Alexandria,Electronics,TV,14,9,5
2025-06-17,Mansoura,Clothing,Jacket,2,2,0
2025-04-08,Mansoura,Stationery,Notebook,1,0,1
2025-04-28,Alexandria,Electronics,Phone,15,1,14
2025-06-14,Alexandria,Electronics,Laptop,4,1,3
2025-06-18,Alexandria,Electronics,TV,2,2,0
2025-06-13,Alexandria,Electronics,Tablet,3,2,1
2025-05-14,Alexandria,Stationery,Notebook,15,0,15
2025-06-26,Mansoura,Clothing,Shirt,2,2,0
2025-05-09,Mansoura,Clothing,Jacket,18,7,11
2025-04-13,Mansoura,Clothing,Jacket,4,1,3
2025-06-22,Cairo,Stationery,Notebook,18,8,10
2025-04-05,Tanta,Stationery,Notebook,17,3,14
2025-05-28,Tanta,Clothing,Pants,9,4,5
2025-05-15,Alexandria,Electronics,Laptop,15,12,3
2025-06-01,Cairo,Clothing,Shoes,16,13,3
2025-06-10,Tanta,Clothing,Shoes,5,1,4
2025-06-26,Alexandria,Stationery,Marker,10,7,3
2025-05-20,Tanta,Stationery,Marker,19,4,15
2025-05-17,Alexandria,Stationery,Pen,2,2,0
2025-05-21,Alexandria,Furniture,Chair,16,3,13
2025-04-18,Tanta,Clothing,Shoes,10,4,6
2025-06-03,Alexandria,Clothing,Pants,3,3,0
2025-04-26,Cairo,Stationery,Notebook,4,0,4
2025-06-13,Cairo,Stationery,Pen,0,0,0
2025-04-05,Alexandria,Stationery,Folder,13,1,12
2025-06-12,Cairo,Clothing,Pants,13,11,2
2025-04-24,Cairo,Electronics,TV,2,1,1
2025-04-25,Mansoura,Clothing,Shoes,4,4,0
2025-04-28,Tanta,Electronics,Phone,19,11,8
2025-06-04,Tanta,Furniture,Table,2,2,0
2025-04-06,Tanta,Stationery,Notebook,12,10,2
2025-06-16,Mansoura,Furniture,Couch,9,7,2
2025-04-10,Cairo,Electronics,Phone,18,10,8
2025-04-13,Tanta,Stationery,Notebook,4,0,4
2025-05-10,Mansoura,Stationery,Folder,5,5,0
2025-06-17,Cairo,Furniture,Table,14,5,9
2025-06-23,Mansoura,Clothing,Jacket,3,3,0
2025-05-15,Tanta,Clothing,Pants,12,5,7
2025-04-05,Alexandria,Clothing,Shoes,6,2,4
2025-05-28,Alexandria,Stationery,Folder,4,1,3
2025-06-17,Tanta,Clothing,Shoes,9,7,2
2025-05-18,Mansoura,Clothing,Shirt,1,1,0
2025-04-10,Mansoura,Stationery,Pen,6,3,3
2025-05-16,Tanta,Clothing,Shoes,0,0,0
2025-06-26,Cairo,Stationery,Marker,15,4,11
2025-04-14,Mansoura,Clothing,Shirt,6,2,4
2025-05-03,Tanta,Stationery,Folder,3,1,2
2025-05-17,Tanta,Stationery,Notebook,14,3,11
2025-05-15,Mansoura,Stationery,Marker,4,0,4
2025-05-09,Alexandria,Clothing,Shoes,6,5,1
2025-06-22,Cairo,Furniture,Chair,2,2,0
2025-06-25,Mansoura,Stationery,Folder,5,3,2
2025-05-01,Mansoura,Furniture,Couch,13,11,2
2025-04-26,Mansoura,Electronics,Tablet,11,2,9
2025-04-18,Cairo,Furniture,Desk,12,6,6
2025-06-28,Cairo,Clothing,Jacket,7,7,0
2025-04-02,Tanta,Clothing,Jacket,2,2,0
2025-04-21,Tanta,Clothing,Jacket,4,3,1
2025-04-02,Alexandria,Stationery,Marker,18,7,11
2025-06-27,Cairo,Clothing,Shirt,0,0,0
2025-04-13,Alexandria,Electronics,TV,12,8,4
2025-04-24,Mansoura,Stationery,Folder,13,0,13
2025-05-22,Tanta,Clothing,Pants,18,18,0
2025-06-03,Mansoura,Electronics,Phone,6,4,2
2025-04-08,Cairo,Furniture,Couch,0,0,0
2025-05-18,Mansoura,Furniture,Chair,16,15,1
2025-05-23,Cairo,Clothing,Pants,9,8,1
2025-06-08,Mansoura,Electronics,Laptop,11,1,10
2025-06-13,Cairo,Clothing,Shoes,16,13,3
2025-05-12,Tanta,Furniture,Chair,17,7,10
2025-04-28,Tanta,Clothing,Shirt,6,4,2
2025-06-28,Alexandria,Stationery,Folder,10,4,6
2025-06-03,Cairo,Clothing,Shoes,1,0,1
2025-04-07,Tanta,Electronics,TV,13,3,10
2025-05-04,Cairo,Furniture,Couch,3,3,0
2025-05-03,Tanta,Clothing,Pants,6,6,0
2025-05-05,Tanta,Stationery,Marker,8,8,0
2025-05-10,Alexandria,Stationery,Folder,7,2,5
2025-03-31,Alexandria,Electronics,Laptop,7,4,3
2025-05-01,Mansoura,Stationery,Pen,13,3,10
2025-05-04,Cairo,Furniture,Table,16,5,11
2025-06-01,Alexandria,Electronics,TV,12,6,6
2025-04-19,Alexandria,Furniture,Chair,11,1,10
2025-06-19,Mansoura,Electronics,TV,15,9,6
2025-04-23,Mansoura,Furniture,Couch,18,13,5
2025-05-21,Alexandria,Clothing,Shirt,18,4,14
2025-03-31,Mansoura,Clothing,Shoes,16,16,0
2025-04-08,Mansoura,Electronics,Tablet,7,2,5
2025-05-28,Mansoura,Furniture,Couch,10,1,9
2025-04-07,Cairo,Electronics,Tablet,18,9,9
2025-05-05,Tanta,Electronics,TV,16,5,11
2025-05-15,Mansoura,Electronics,Tablet,9,7,2
2025-06-05,Tanta,Clothing,Pants,17,2,15
2025-06-04,Alexandria,Stationery,Pen,3,0,3
2025-04-21,Mansoura,Clothing,Shirt,11,3,8
2025-06-25,Tanta,Electronics,Laptop,7,2,5
2025-05-16,Cairo,Furniture,Couch,5,4,1
2025-04-09,Alexandria,Furniture,Couch,1,0,1
2025-05-27,Cairo,Clothing,Pants,2,1,1
2025-04-04,Cairo,Electronics,TV,14,6,8
2025-04-05,Mansoura,Furniture,Table,3,0,3
2025-05-26,Alexandria,Clothing,Pants,9,1,8
2025-05-03,Alexandria,Clothing,Pants,2,1,1
2025-04-16,Mansoura,Furniture,Desk,19,15,4
2025-04-18,Mansoura,Furniture,Desk,13,4,9
2025-05-28,Cairo,Clothing,Jacket,4,2,2
2025-04-29,Cairo,Clothing,Shoes,13,9,4
2025-04-24,Tanta,Stationery,Pen,19,7,12
2025-06-17,Mansoura,Electronics,Laptop,15,10,5
2025-05-18,Cairo,Stationery,Folder,14,3,11
2025-05-19,Mansoura,Stationery,Marker,9,0,9
2025-05-18,Mansoura,Furniture,Desk,1,1,0
2025-04-16,Alexandria,Stationery,Notebook,10,6,4
2025-06-19,Cairo,Clothing,Shoes,6,3,3
2025-05-06,Tanta,Clothing,Shoes,11,11,0
2025-05-02,Alexandria,Clothing,Shirt,6,3,3
2025-04-12,Cairo,Electronics,TV,10,7,3
2025-06-24,Mansoura,Stationery,Pen,3,3,0
2025-05-28,Alexandria,Electronics,Laptop,17,0,17
2025-05-11,Tanta,Electronics,TV,7,0,7
2025-04-15,Alexandria,Furniture,Couch,18,9,9
2025-04-17,Mansoura,Clothing,Shirt,6,1,5
2025-04-07,Mansoura,Furniture,Couch,9,7,2
2025-06-19,Cairo,Furniture,Couch,6,0,6
2025-05-02,Cairo,Clothing,Pants,10,9,1
2025-06-21,Mansoura,Clothing,Jacket,1,1,0
2025-06-08,Tanta,Electronics,Tablet,1,0,1
2025-04-25,Cairo,Electronics,Laptop,12,10,2
2025-05-26,Alexandria,Stationery,Notebook,8,1,7
2025-05-17,Cairo,Furniture,Couch,3,3,0
2025-04-26,Tanta,Furniture,Desk,13,2,11
2025-05-19,Alexandria,Furniture,Couch,18,11,7
2025-04-03,Mansoura,Clothing,Shirt,6,4,2
2025-06-22,Alexandria,Clothing,Jacket,5,5,0
2025-04-16,Mansoura,Electronics,Phone,3,2,1
2025-05-08,Mansoura,Electronics,Tablet,16,8,8
2025-06-21,Cairo,Clothing,Shirt,17,13,4
2025-04-28,Alexandria,Clothing,Shirt,16,11,5
2025-06-05,Mansoura,Stationery,Pen,8,1,7
2025-04-06,Cairo,Clothing,Pants,4,0,4
2025-05-16,Tanta,Clothing,Jacket,19,16,3
2025-05-20,Mansoura,Stationery,Pen,8,3,5
2025-06-26,Tanta,Electronics,TV,12,1,11
2025-04-25,Alexandria,Clothing,Shirt,1,0,1
2025-04-04,Mansoura,Stationery,Marker,2,2,0
2025-05-08,Cairo,Stationery,Folder,14,2,12
2025-06-16,Tanta,Furniture,Table,17,15,2
2025-05-28,Alexandria,Furniture,Desk,8,6,2
2025-05-29,Mansoura,Clothing,Jacket,10,7,3
2025-06-06,Tanta,Electronics,TV,19,13,6
2025-06-26,Cairo,Electronics,Tablet,8,1,7
2025-05-08,Mansoura,Clothing,Shoes,19,8,11
2025-06-12,Tanta,Stationery,Notebook,0,0,0
2025-05-24,Mansoura,Clothing,Pants,1,0,1
2025-05-08,Alexandria,Clothing,Jacket,13,10,3
2025-06-15,Alexandria,Clothing,Shoes,4,1,3
2025-04-21,Alexandria,Stationery,Marker,1,1,0
2025-04-01,Cairo,Clothing,Pants,7,3,4
2025-06-06,Alexandria,Electronics,Laptop,1,0,1
2025-04-27,Cairo,Clothing,Shoes,9,4,5
2025-06-24,Cairo,Furniture,Chair,8,6,2
2025-06-25,Cairo,Stationery,Marker,10,9,1
2025-04-26,Mansoura,Clothing,Jacket,13,3,10
2025-05-26,Alexandria,Stationery,Pen,3,3,0
2025-04-12,Cairo,Furniture,Chair,7,0,7
2025-06-10,Alexandria,Stationery,Pen,17,15,2
2025-06-03,Tanta,Furniture,Desk,6,5,1
2025-04-03,Tanta,Electronics,Phone,4,1,3
2025-06-17,Cairo,Electronics,Tablet,13,10,3
2025-04-16,Tanta,Clothing,Jacket,17,14,3
2025-04-04,Alexandria,Stationery,Pen,4,4,0
2025-05-20,Tanta,Furniture,Desk,19,10,9
2025-06-18,Alexandria,Electronics,Laptop,0,0,0
2025-04-14,Tanta,Clothing,Shoes,18,3,15
2025-05-23,Mansoura,Clothing,Shoes,7,7,0
2025-04-25,Alexandria,Furniture,Table,3,1,2
2025-06-24,Alexandria,Stationery,Pen,3,1,2
2025-05-04,Cairo,Stationery,Folder,16,11,5
2025-05-15,Mansoura,Stationery,Marker,6,4,2
2025-06-26,Alexandria,Clothing,Pants,13,4,9
2025-04-28,Mansoura,Electronics,Laptop,11,11,0
2025-04-24,Cairo,Furniture,Chair,2,0,2
2025-04-17,Cairo,Clothing,Jacket,12,3,9
2025-04-03,Mansoura,Clothing,Pants,10,10,0
2025-06-10,Tanta,Stationery,Pen,3,1,2
2025-05-22,Tanta,Clothing,Shirt,6,0,6
2025-06-05,Cairo,Electronics,TV,19,16,3
2025-04-14,Mansoura,Clothing,Jacket,13,1,12
2025-04-13,Tanta,Clothing,Pants,8,0,8
2025-05-27,Cairo,Electronics,Tablet,19,14,5
2025-05-14,Alexandria,Clothing,Shirt,4,3,1
2025-06-15,Alexandria,Electronics,Laptop,11,6,5
2025-04-11,Alexandria,Clothing,Jacket,12,1,11
2025-06-26,Cairo,Stationery,Marker,3,3,0
2025-06-04,Alexandria,Electronics,Phone,18,17,1
2025-06-10,Mansoura,Clothing,Shoes,10,4,6
2025-05-06,Tanta,Clothing,Jacket,13,3,10
2025-06-22,Tanta,Furniture,Desk,8,0,8
2025-06-05,Mansoura,Electronics,Laptop,7,7,0
2025-06-16,Tanta,Clothing,Shirt,11,11,0
2025-05-17,Cairo,Furniture,Chair,15,15,0
2025-06-04,Tanta,Stationery,Pen,2,0,2
2025-04-20,Tanta,Stationery,Pen,7,2,5
2025-05-20,Mansoura,Furniture,Desk,6,1,5
2025-04-17,Alexandria,Stationery,Marker,18,9,9
2025-06-27,Alexandria,Electronics,Phone,16,10,6
2025-05-21,Tanta,Clothing,Shoes,11,5,6
2025-05-20,Tanta,Clothing,Jacket,14,0,14
2025-04-16,Alexandria,Stationery,Notebook,3,3,0
2025-04-23,Alexandria,Electronics,TV,8,1,7
2025-06-26,Cairo,Furniture,Table,18,8,10
2025-04-11,Cairo,Furniture,Desk,15,10,5
2025-05-17,Alexandria,Stationery,Notebook,14,0,14
2025-06-27,Cairo,Electronics,TV,11,4,7
2025-06-28,Cairo,Furniture,Table,7,7,0
2025-06-16,Mansoura,Stationery,Notebook,7,2,5
2025-06-27,Cairo,Furniture,Desk,12,8,4
2025-06-18,Tanta,Clothing,Shirt,19,14,5
2025-04-18,Mansoura,Electronics,TV,2,0,2
2025-04-26,Mansoura,Stationery,Notebook,3,2,1
2025-05-03,Alexandria,Furniture,Desk,10,10,0
2025-03-31,Mansoura,Furniture,Table,15,2,13
2025-06-03,Mansoura,Stationery,Pen,1,1,0
2025-06-17,Tanta,Furniture,Desk,3,1,2
2025-05-18,Alexandria,Stationery,Notebook,12,10,2
2025-04-24,Cairo,Stationery,Folder,4,2,2
2025-04-04,Tanta,Electronics,Phone,18,6,12
2025-06-16,Tanta,Stationery,Notebook,13,9,4
2025-06-08,Mansoura,Electronics,Laptop,6,1,5
2025-06-05,Mansoura,Furniture,Chair,16,14,2
2025-06-05,Alexandria,Clothing,Pants,6,1,5
2025-06-18,Cairo,Furniture,Couch,18,11,7
2025-05-30,Tanta,Clothing,Pants,9,7,2
2025-06-27,Cairo,Clothing,Jacket,16,2,14
2025-06-07,Tanta,Furniture,Chair,14,2,12
2025-04-04,Tanta,Stationery,Pen,10,10,0
2025-06-21,Cairo,Electronics,TV,19,14,5
2025-05-05,Cairo,Furniture,Desk,15,10,5
2025-04-12,Cairo,Stationery,Notebook,13,5,8
2025-06-02,Mansoura,Electronics,Tablet,15,4,11
2025-04-13,Mansoura,Stationery,Notebook,19,6,13
2025-06-16,Tanta,Clothing,Jacket,18,16,2
2025-06-04,Cairo,Stationery,Marker,3,3,0
2025-05-11,Cairo,Electronics,Phone,15,12,3
2025-04-27,Cairo,Stationery,Pen,12,8,4
2025-06-04,Tanta,Furniture,Table,2,0,2
2025-05-09,Cairo,Furniture,Desk,2,1,1
2025-06-03,Mansoura,Furniture,Chair,8,7,1
2025-06-20,Tanta,Electronics,Phone,19,7,12
2025-05-30,Mansoura,Stationery,Marker,0,0,0
2025-06-05,Tanta,Stationery,Marker,19,9,10
2025-05-24,Cairo,Electronics,Tablet,7,2,5
2025-05-19,Alexandria,Furniture,Desk,17,2,15
2025-05-06,Mansoura,Electronics,TV,7,6,1
2025-05-30,Tanta,Electronics,TV,18,5,13
2025-06-24,Alexandria,Clothing,Jacket,1,0,1
2025-05-03,Mansoura,Electronics,Phone,1,1,0
2025-06-17,Cairo,Stationery,Folder,19,8,11
2025-04-02,Alexandria,Clothing,Jacket,11,6,5
2025-06-04,Cairo,Stationery,Notebook,1,1,0
2025-06-04,Alexandria,Furniture,Desk,15,15,0
2025-06-22,Tanta,Clothing,Pants,6,6,0
2025-06-12,Cairo,Stationery,Notebook,0,0,0
2025-06-25,Cairo,Electronics,TV,3,0,3
2025-05-07,Cairo,Clothing,Jacket,18,6,12
2025-06-22,Alexandria,Furniture,Couch,14,5,9
2025-03-31,Cairo,Electronics,Phone,14,9,5
2025-06-10,Cairo,Electronics,Tablet,11,7,4
2025-05-01,Tanta,Furniture,Couch,15,12,3
2025-06-06,Alexandria,Furniture,Table,12,4,8
2025-04-19,Cairo,Electronics,Laptop,4,3,1
2025-06-27,Tanta,Clothing,Shirt,7,4,3
2025-04-08,Mansoura,Clothing,Shirt,12,5,7
2025-06-27,Cairo,Electronics,TV,14,0,14
2025-05-17,Alexandria,Furniture,Table,19,17,2
2025-05-27,Alexandria,Stationery,Marker,2,1,1
2025-05-17,Mansoura,Furniture,Desk,2,2,0
2025-06-28,Alexandria,Stationery,Folder,7,7,0
2025-05-03,Tanta,Clothing,Jacket,19,2,17
2025-06-20,Mansoura,Stationery,Marker,1,1,0
2025-06-22,Alexandria,Stationery,Folder,17,7,10
2025-06-11,Tanta,Furniture,Couch,17,9,8
2025-06-27,Tanta,Clothing,Shoes,19,2,17
2025-05-28,Alexandria,Clothing,Jacket,13,10,3
2025-05-18,Tanta,Furniture,Table,9,3,6
2025-06-11,Mansoura,Electronics,Tablet,11,4,7
2025-05-19,Tanta,Clothing,Pants,14,14,0
2025-05-24,Mansoura,Furniture,Desk,1,0,1
2025-04-03,Tanta,Electronics,Phone,12,3,9
2025-06-11,Alexandria,Clothing,Jacket,8,1,7
2025-06-11,Mansoura,Electronics,Tablet,15,7,8
2025-05-29,Tanta,Furniture,Chair,0,0,0
2025-05-14,Alexandria,Clothing,Shirt,4,0,4
2025-04-06,Alexandria,Stationery,Notebook,10,10,0
2025-04-04,Cairo,Electronics,Tablet,1,1,0
2025-06-07,Alexandria,Stationery,Folder,16,3,13
2025-05-29,Cairo,Furniture,Desk,17,17,0
2025-05-18,Cairo,Clothing,Pants,7,4,3
2025-05-27,Alexandria,Clothing,Shoes,10,4,6
2025-06-04,Tanta,Furniture,Chair,2,1,1
2025-06-07,Tanta,Clothing,Shirt,17,3,14
2025-04-02,Mansoura,Electronics,Laptop,1,0,1
2025-04-26,Mansoura,Electronics,Laptop,1,1,0
2025-05-05,Tanta,Electronics,Laptop,13,0,13
2025-04-10,Cairo,Electronics,Laptop,13,8,5
2025-05-22,Cairo,Electronics,Laptop,8,6,2
2025-06-18,Alexandria,Stationery,Marker,14,7,7
2025-06-19,Alexandria,Stationery,Pen,14,8,6
2025-05-14,Alexandria,Furniture,Desk,5,1,4
2025-05-04,Cairo,Stationery,Folder,12,11,1
2025-05-29,Tanta,Clothing,Shoes,10,2,8
2025-04-07,Mansoura,Clothing,Jacket,13,9,4
2025-05-07,Cairo,Electronics,Tablet,6,0,6
2025-06-26,Mansoura,Furniture,Chair,19,2,17
2025-06-05,Cairo,Furniture,Chair,9,5,4
2025-04-27,Mansoura,Stationery,Pen,17,13,4
2025-04-05,Tanta,Stationery,Marker,13,12,1
2025-05-13,Mansoura,Furniture,Couch,5,0,5
2025-04-08,Cairo,Stationery,Folder,5,0,5
2025-04-24,Mansoura,Stationery,Notebook,18,6,12
2025-05-07,Tanta,Clothing,Jacket,19,15,4
2025-05-01,Mansoura,Electronics,TV,1,0,1
2025-06-11,Cairo,Stationery,Folder,10,6,4
2025-06-05,Mansoura,Furniture,Desk,14,8,6
2025-04-17,Mansoura,Furniture,Chair,4,4,0
2025-04-10,Tanta,Stationery,Notebook,6,4,2
2025-05-03,Cairo,Clothing,Shirt,3,1,2
2025-05-25,Alexandria,Electronics,Tablet,6,5,1
2025-05-23,Tanta,Electronics,TV,7,6,1
2025-06-17,Mansoura,Electronics,TV,11,11,0
2025-05-05,Alexandria,Stationery,Notebook,13,8,5
2025-06-06,Alexandria,Stationery,Folder,10,0,10
2025-04-09,Alexandria,Furniture,Desk,5,5,0
2025-05-05,Cairo,Electronics,Tablet,2,2,0
2025-05-13,Mansoura,Furniture,Couch,4,4,0
2025-06-27,Cairo,Clothing,Jacket,3,1,2
2025-06-12,Alexandria,Clothing,Shoes,14,0,14
2025-06-19,Alexandria,Stationery,Folder,16,3,13
2025-05-03,Mansoura,Clothing,Shirt,16,3,13
2025-06-23,Alexandria,Stationery,Folder,2,0,2
2025-05-02,Cairo,Electronics,Phone,16,7,9
2025-04-17,Cairo,Electronics,Phone,10,5,5
2025-06-18,Cairo,Furniture,Table,13,9,4
2025-04-05,Mansoura,Furniture,Desk,14,3,11
2025-05-08,Alexandria,Furniture,Table,0,0,0
2025-05-11,Mansoura,Clothing,Shoes,0,0,0
2025-05-13,Tanta,Stationery,Notebook,16,16,0
2025-05-31,Cairo,Clothing,Shirt,8,1,7
2025-05-12,Alexandria,Clothing,Pants,19,7,12
2025-06-28,Alexandria,Stationery,Notebook,0,0,0
2025-05-14,Alexandria,Clothing,Jacket,5,4,1
2025-06-02,Tanta,Clothing,Shirt,1,1,0
2025-05-02,Cairo,Stationery,Notebook,16,10,6
2025-06-21,Alexandria,Furniture,Desk,19,17,2
2025-05-20,Alexandria,Stationery,Marker,16,12,4
2025-05-24,Cairo,Electronics,Tablet,10,4,6
2025-06-18,Tanta,Stationery,Folder,8,7,1
2025-06-27,Alexandria,Electronics,Tablet,14,8,6
2025-06-02,Tanta,Clothing,Shoes,16,15,1
2025-06-28,Mansoura,Furniture,Chair,2,0,2
2025-03-31,Alexandria,Furniture,Desk,6,3,3
2025-06-23,Cairo,Electronics,TV,17,4,13
2025-04-30,Alexandria,Furniture,Table,2,1,1
2025-06-10,Alexandria,Furniture,Couch,3,0,3
2025-05-09,Mansoura,Stationery,Marker,7,5,2
2025-06-15,Alexandria,Clothing,Shirt,10,0,10
2025-04-06,Mansoura,Furniture,Chair,5,1,4
2025-06-09,Mansoura,Clothing,Shirt,17,0,17
2025-04-15,Alexandria,Stationery,Pen,12,5,7
2025-06-19,Cairo,Furniture,Desk,19,7,12
2025-06-11,Cairo,Stationery,Pen,8,2,6
2025-06-12,Cairo,Electronics,TV,5,3,2
2025-06-19,Tanta,Electronics,Phone,14,1,13
2025-05-23,Cairo,Electronics,Laptop,4,1,3
2025-04-24,Alexandria,Furniture,Desk,18,5,13
2025-05-08,Cairo,Furniture,Table,1,0,1
2025-04-29,Tanta,Furniture,Table,13,13,0
2025-04-20,Alexandria,Furniture,Chair,16,16,0
2025-05-25,Cairo,Stationery,Marker,13,11,2
2025-04-09,Tanta,Electronics,TV,1,1,0
2025-04-22,Mansoura,Electronics,Laptop,6,2,4
2025-06-27,Mansoura,Electronics,Tablet,19,19,0
2025-04-12,Alexandria,Stationery,Folder,8,5,3
2025-06-06,Mansoura,Stationery,Folder,19,17,2
2025-05-20,Alexandria,Furniture,Table,5,2,3
2025-05-11,Mansoura,Electronics,Phone,6,5,1
2025-04-30,Mansoura,Furniture,Chair,16,4,12
2025-05-04,Tanta,Stationery,Notebook,11,10,1
2025-06-07,Cairo,Furniture,Chair,10,6,4
2025-05-30,Alexandria,Clothing,Pants,14,10,4
2025-05-25,Mansoura,Clothing,Shirt,0,0,0
2025-05-15,Cairo,Clothing,Jacket,17,9,8
2025-05-10,Mansoura,Stationery,Folder,3,1,2
2025-05-05,Tanta,Stationery,Pen,8,2,6
2025-05-27,Tanta,Clothing,Shirt,17,12,5
2025-05-19,Cairo,Furniture,Desk,9,5,4
2025-06-19,Mansoura,Furniture,Table,2,1,1
2025-04-19,Alexandria,Stationery,Notebook,2,2,0
2025-04-24,Cairo,Clothing,Pants,2,0,2
2025-06-27,Tanta,Stationery,Folder,11,8,3
2025-04-01,Tanta,Stationery,Folder,17,9,8
2025-04-04,Tanta,Electronics,Laptop,5,4,1
2025-04-15,Tanta,Furniture,Chair,0,0,0
2025-06-02,Alexandria,Furniture,Table,17,8,9
2025-05-02,Mansoura,Stationery,Marker,2,2,0
2025-05-08,Tanta,Furniture,Table,17,4,13
2025-06-24,Cairo,Stationery,Marker,19,19,0
2025-05-02,Alexandria,Clothing,Shoes,2,1,1
2025-05-17,Alexandria,Stationery,Marker,6,3,3
2025-04-23,Cairo,Furniture,Couch,2,2,0
2025-04-27,Tanta,Clothing,Shoes,18,5,13
2025-06-19,Tanta,Clothing,Shirt,5,3,2
2025-06-28,Tanta,Electronics,Phone,5,5,0
2025-06-12,Tanta,Furniture,Table,13,5,8
2025-04-17,Tanta,Stationery,Marker,2,0,2
2025-04-26,Mansoura,Stationery,Notebook,14,12,2
2025-04-02,Cairo,Electronics,Laptop,17,4,13
2025-04-04,Mansoura,Stationery,Pen,16,9,7
2025-04-11,Cairo,Stationery,Pen,8,2,6
2025-06-07,Cairo,Electronics,Phone,17,17,0
2025-04-01,Mansoura,Electronics,TV,15,1,14
2025-04-12,Tanta,Electronics,TV,17,16,1
2025-05-28,Mansoura,Electronics,Tablet,16,2,14
2025-05-11,Mansoura,Electronics,TV,7,4,3
2025-04-11,Mansoura,Furniture,Table,4,1,3
2025-06-07,Mansoura,Stationery,Marker,5,0,5
2025-06-11,Cairo,Clothing,Shoes,9,6,3
2025-05-03,Alexandria,Furniture,Desk,11,8,3
2025-04-18,Mansoura,Clothing,Jacket,17,11,6
2025-04-27,Tanta,Electronics,TV,0,0,0
2025-04-06,Cairo,Electronics,Phone,5,0,5
2025-05-02,Mansoura,Furniture,Table,14,5,9
2025-05-21,Alexandria,Furniture,Chair,1,0,1
2025-06-02,Alexandria,Furniture,Table,13,8,5
2025-05-07,Tanta,Clothing,Pants,4,4,0
2025-05-18,Cairo,Stationery,Notebook,0,0,0
2025-05-12,Mansoura,Stationery,Notebook,17,15,2
2025-04-26,Cairo,Clothing,Pants,1,0,1
2025-05-15,Tanta,Stationery,Pen,0,0,0
2025-04-03,Alexandria,Electronics,Laptop,14,14,0
2025-05-30,Cairo,Clothing,Jacket,12,8,4
2025-05-08,Cairo,Clothing,Shoes,8,6,2
2025-04-02,Mansoura,Furniture,Table,18,6,12
2025-05-31,Tanta,Clothing,Jacket,16,3,13
2025-05-08,Tanta,Furniture,Table,13,7,6
2025-05-06,Cairo,Stationery,Folder,2,2,0
2025-06-18,Mansoura,Stationery,Marker,18,1,17
2025-06-16,Alexandria,Furniture,Desk,5,4,1
2025-05-26,Alexandria,Furniture,Couch,12,11,1
2025-06-27,Alexandria,Clothing,Shirt,8,3,5
2025-06-22,Cairo,Clothing,Jacket,14,12,2
2025-05-26,Cairo,Stationery,Pen,17,6,11
2025-06-14,Tanta,Electronics,Tablet,15,5,10
2025-04-26,Alexandria,Furniture,Couch,18,1,17
2025-04-06,Alexandria,Stationery,Marker,15,13,2
2025-05-05,Alexandria,Stationery,Notebook,3,3,0
2025-05-22,Alexandria,Stationery,Folder,1,1,0
2025-06-18,Alexandria,Clothing,Shoes,17,4,13
2025-06-19,Alexandria,Electronics,Laptop,4,1,3
2025-04-13,Cairo,Stationery,Notebook,12,2,10
2025-04-18,Tanta,Stationery,Notebook,2,2,0
2025-04-06,Tanta,Furniture,Desk,11,2,9
2025-04-19,Cairo,Electronics,Tablet,12,1,11
2025-04-21,Tanta,Electronics,TV,7,0,7
2025-04-02,Tanta,Stationery,Notebook,10,2,8
2025-05-18,Cairo,Clothing,Pants,3,3,0
2025-04-20,Alexandria,Furniture,Table,18,3,15
2025-04-30,Cairo,Clothing,Jacket,11,9,2
2025-05-16,Mansoura,Stationery,Notebook,13,6,7
2025-06-02,Alexandria,Stationery,Folder,14,11,3
2025-05-30,Cairo,Clothing,Shirt,18,16,2
2025-06-28,Alexandria,Electronics,Tablet,18,13,5
2025-05-20,Mansoura,Stationery,Notebook,0,0,0
2025-04-08,Tanta,Clothing,Shoes,19,15,4
2025-04-05,Alexandria,Clothing,Shoes,11,6,5
2025-04-10,Alexandria,Electronics,TV,0,0,0
2025-04-17,Mansoura,Electronics,Tablet,15,15,0
2025-04-23,Mansoura,Stationery,Pen,8,3,5
2025-04-13,Cairo,Clothing,Shirt,17,8,9
2025-04-21,Alexandria,Stationery,Pen,13,9,4
2025-06-13,Mansoura,Furniture,Chair,12,10,2
2025-06-22,Cairo,Stationery,Pen,0,0,0
2025-05-18,Alexandria,Stationery,Pen,0,0,0
2025-04-27,Cairo,Electronics,Phone,13,4,9
2025-05-26,Mansoura,Electronics,Laptop,12,2,10
2025-05-24,Cairo,Stationery,Marker,14,10,4
2025-06-17,Alexandria,Clothing,Shirt,16,7,9
2025-05-05,Alexandria,Furniture,Table,17,8,9
2025-04-23,Cairo,Stationery,Marker,6,3,3
2025-06-12,Mansoura,Clothing,Pants,1,1,0
2025-06-15,Mansoura,Clothing,Pants,0,0,0
2025-04-20,Tanta,Clothing,Pants,3,2,1
2025-05-25,Mansoura,Electronics,Tablet,2,1,1
2025-05-03,Alexandria,Stationery,Notebook,6,0,6
2025-05-07,Tanta,Clothing,Shirt,9,9,0
2025-05-18,Tanta,Furniture,Couch,19,1,18
2025-06-25,Alexandria,Electronics,Tablet,4,4,0
2025-04-01,Alexandria,Electronics,TV,19,9,10
2025-06-09,Alexandria,Electronics,TV,2,2,0
2025-04-13,Mansoura,Electronics,Phone,16,1,15
2025-04-06,Mansoura,Stationery,Notebook,6,5,1
2025-04-01,Mansoura,Furniture,Couch,10,2,8
2025-04-24,Alexandria,Electronics,Laptop,9,0,9
2025-04-08,Cairo,Clothing,Pants,18,18,0
2025-04-26,Tanta,Furniture,Desk,0,0,0
2025-06-01,Tanta,Clothing,Shoes,6,4,2
2025-06-25,Tanta,Stationery,Folder,16,9,7
2025-05-25,Cairo,Furniture,Chair,4,2,2
2025-04-21,Cairo,Furniture,Table,15,7,8
2025-04-09,Mansoura,Electronics,Phone,3,1,2
2025-04-18,Alexandria,Stationery,Folder,7,3,4
2025-05-16,Mansoura,Clothing,Jacket,6,4,2
2025-06-03,Cairo,Electronics,Laptop,2,2,0
2025-06-13,Cairo,Electronics,Phone,17,4,13
2025-06-26,Mansoura,Clothing,Pants,8,5,3
2025-06-21,Alexandria,Electronics,Laptop,11,4,7
2025-06-13,Mansoura,Furniture,Desk,9,7,2
2025-06-09,Tanta,Clothing,Shoes,11,3,8
2025-05-15,Cairo,Stationery,Folder,5,3,2
2025-04-07,Tanta,Furniture,Table,0,0,0
2025-06-19,Cairo,Stationery,Pen,2,2,0
2025-04-05,Alexandria,Electronics,Phone,4,4,0
2025-06-08,Alexandria,Furniture,Table,15,4,11
2025-05-24,Tanta,Furniture,Couch,11,8,3
2025-06-09,Alexandria,Electronics,Laptop,7,7,0
2025-06-15,Alexandria,Stationery,Notebook,7,5,2
2025-06-27,Tanta,Furniture,Chair,10,3,7
2025-04-20,Cairo,Clothing,Jacket,13,10,3
2025-04-16,Cairo,Stationery,Folder,10,9,1
2025-04-07,Cairo,Furniture,Couch,17,17,0
2025-04-05,Tanta,Clothing,Shirt,11,5,6
2025-05-22,Alexandria,Stationery,Folder,16,14,2
2025-06-27,Alexandria,Clothing,Shirt,12,10,2
2025-05-10,Mansoura,Furniture,Desk,2,1,1
2025-05-21,Tanta,Clothing,Jacket,17,8,9
2025-04-12,Alexandria,Electronics,Laptop,10,9,1
2025-04-24,Tanta,Stationery,Pen,2,1,1
2025-06-01,Alexandria,Electronics,Laptop,14,1,13
2025-04-30,Tanta,Stationery,Pen,4,0,4
2025-04-10,Cairo,Stationery,Notebook,15,14,1
2025-04-24,Mansoura,Furniture,Chair,0,0,0
2025-04-11,Cairo,Stationery,Pen,5,0,5
2025-05-24,Alexandria,Clothing,Jacket,19,13,6
2025-05-03,Cairo,Clothing,Shirt,6,4,2
2025-04-06,Tanta,Stationery,Marker,12,3,9
2025-05-15,Tanta,Furniture,Table,1,0,1
2025-04-28,Tanta,Stationery,Marker,3,3,0
2025-06-10,Alexandria,Stationery,Marker,4,1,3
2025-04-08,Cairo,Furniture,Table,15,14,1
2025-04-19,Cairo,Clothing,Shoes,5,4,1
2025-06-09,Cairo,Electronics,Phone,6,1,5
2025-03-31,Mansoura,Stationery,Folder,2,1,1
2025-05-14,Mansoura,Electronics,Tablet,6,2,4
2025-06-18,Mansoura,Furniture,Desk,0,0,0
2025-05-25,Tanta,Furniture,Desk,15,13,2
2025-04-13,Cairo,Clothing,Pants,2,2,0
2025-04-02,Tanta,Furniture,Table,9,8,1
2025-04-18,Tanta,Clothing,Shoes,9,6,3
2025-05-26,Tanta,Electronics,Tablet,16,7,9
2025-06-12,Tanta,Stationery,Folder,16,15,1
2025-05-14,Tanta,Furniture,Desk,2,1,1
2025-06-20,Cairo,Furniture,Chair,5,0,5
2025-04-07,Cairo,Stationery,Notebook,9,9,0
2025-04-05,Alexandria,Stationery,Folder,0,0,0
2025-05-11,Cairo,Furniture,Chair,10,10,0
2025-06-04,Cairo,Clothing,Pants,0,0,0
2025-06-16,Tanta,Clothing,Pants,11,7,4
2025-05-26,Cairo,Stationery,Marker,14,6,8
2025-05-11,Cairo,Clothing,Shirt,8,5,3
2025-05-26,Mansoura,Electronics,TV,18,1,17
2025-05-28,Tanta,Stationery,Pen,10,5,5
2025-04-06,Tanta,Clothing,Jacket,12,8,4
2025-05-07,Alexandria,Furniture,Desk,3,0,3
2025-05-27,Cairo,Stationery,Folder,15,8,7
2025-04-29,Cairo,Furniture,Table,10,10,0
2025-06-07,Mansoura,Clothing,Shirt,19,17,2
2025-05-29,Cairo,Clothing,Pants,2,1,1
2025-04-04,Tanta,Furniture,Couch,3,3,0
2025-05-07,Mansoura,Furniture,Desk,8,1,7
2025-04-04,Alexandria,Stationery,Marker,14,3,11
2025-05-11,Alexandria,Furniture,Table,6,2,4
2025-04-23,Cairo,Stationery,Folder,0,0,0
2025-04-11,Cairo,Clothing,Shoes,18,12,6
2025-06-26,Mansoura,Stationery,Pen,2,1,1
2025-06-27,Mansoura,Electronics,Tablet,18,5,13
2025-06-19,Mansoura,Stationery,Pen,4,2,2
2025-06-17,Cairo,Clothing,Shirt,16,2,14
2025-05-25,Cairo,Furniture,Couch,6,6,0
2025-05-17,Mansoura,Furniture,Table,13,0,13
2025-06-04,Mansoura,Stationery,Pen,15,8,7
2025-06-27,Mansoura,Electronics,Laptop,19,0,19
2025-04-19,Mansoura,Stationery,Pen,16,4,12
2025-05-09,Mansoura,Stationery,Notebook,15,6,9
2025-05-14,Alexandria,Electronics,TV,8,6,2
2025-06-15,Tanta,Clothing,Jacket,3,2,1
2025-06-04,Alexandria,Electronics,Tablet,10,3,7
2025-05-05,Tanta,Stationery,Marker,5,0,5
2025-05-23,Mansoura,Electronics,Tablet,16,3,13
2025-04-02,Alexandria,Clothing,Jacket,14,9,5
2025-04-15,Cairo,Clothing,Jacket,18,3,15
2025-06-06,Tanta,Stationery,Pen,9,5,4
2025-05-25,Alexandria,Clothing,Pants,15,4,11
2025-06-20,Tanta,Clothing,Jacket,14,12,2
2025-04-09,Tanta,Furniture,Table,10,10,0
2025-04-09,Mansoura,Furniture,Chair,14,13,1
2025-04-09,Tanta,Clothing,Jacket,7,6,1
2025-04-20,Cairo,Electronics,Laptop,18,6,12
2025-04-19,Cairo,Clothing,Jacket,8,0,8
2025-06-16,Alexandria,Electronics,Laptop,1,0,1
2025-03-31,Cairo,Electronics,Laptop,10,8,2
2025-04-30,Mansoura,Furniture,Couch,3,3,0
2025-04-26,Tanta,Stationery,Pen,12,10,2
2025-05-12,Mansoura,Furniture,Chair,14,7,7
2025-05-30,Cairo,Furniture,Table,5,4,1
2025-06-11,Alexandria,Stationery,Pen,3,2,1
2025-06-01,Tanta,Furniture,Couch,7,0,7
2025-04-04,Alexandria,Stationery,Notebook,16,3,13
2025-05-21,Mansoura,Stationery,Folder,6,5,1
2025-04-06,Mansoura,Clothing,Shirt,11,9,2
2025-04-20,Mansoura,Electronics,Laptop,7,5,2
2025-05-17,Tanta,Stationery,Folder,1,0,1
2025-05-29,Cairo,Stationery,Marker,17,16,1
2025-05-06,Mansoura,Stationery,Pen,18,2,16
2025-04-21,Mansoura,Furniture,Table,11,4,7
2025-05-09,Mansoura,Stationery,Pen,14,13,1
2025-04-09,Tanta,Furniture,Chair,4,1,3
2025-04-09,Cairo,Electronics,TV,4,2,2
2025-04-21,Cairo,Clothing,Jacket,4,1,3
2025-06-22,Cairo,Electronics,TV,17,5,12
2025-04-11,Tanta,Electronics,Laptop,9,3,6
2025-05-10,Alexandria,Stationery,Folder,17,7,10
2025-05-09,Alexandria,Electronics,TV,12,10,2
2025-05-01,Tanta,Clothing,Shirt,16,5,11
2025-05-27,Alexandria,Clothing,Shirt,7,7,0
2025-04-17,Alexandria,Electronics,Tablet,2,2,0
2025-05-14,Cairo,Clothing,Shirt,6,3,3
2025-04-03,Tanta,Electronics,TV,16,11,5
2025-05-27,Alexandria,Furniture,Chair,6,4,2
2025-04-29,Tanta,Electronics,Phone,4,1,3
2025-04-17,Mansoura,Clothing,Shoes,15,14,1
2025-05-30,Alexandria,Clothing,Jacket,16,2,14
2025-04-03,Tanta,Electronics,Laptop,8,2,6
2025-06-26,Mansoura,Electronics,Laptop,4,3,1
2025-06-22,Alexandria,Clothing,Pants,7,0,7
2025-06-28,Cairo,Furniture,Desk,3,2,1
2025-04-14,Alexandria,Electronics,Tablet,16,13,3
2025-06-28,Cairo,Clothing,Shirt,1,0,1
2025-04-29,Alexandria,Clothing,Pants,0,0,0
2025-05-04,Alexandria,Stationery,Folder,5,5,0
2025-04-04,Cairo,Electronics,TV,15,2,13
2025-05-04,Cairo,Clothing,Pants,13,3,10
2025-05-05,Mansoura,Furniture,Table,5,3,2
2025-06-17,Mansoura,Stationery,Folder,10,0,10
2025-05-17,Mansoura,Electronics,TV,13,2,11
2025-05-03,Mansoura,Clothing,Shirt,7,7,0
2025-04-23,Mansoura,Furniture,Couch,10,4,6
2025-06-10,Tanta,Electronics,TV,2,0,2
2025-04-09,Mansoura,Electronics,Tablet,12,10,2
2025-04-24,Alexandria,Stationery,Pen,18,1,17
2025-04-05,Cairo,Electronics,TV,10,0,10
2025-04-23,Cairo,Clothing,Jacket,18,12,6
2025-05-04,Mansoura,Stationery,Notebook,5,4,1
2025-04-01,Mansoura,Clothing,Shoes,2,2,0
2025-04-21,Alexandria,Electronics,Tablet,9,4,5
2025-05-10,Mansoura,Furniture,Table,6,6,0
2025-05-21,Tanta,Furniture,Table,2,0,2
2025-04-08,Mansoura,Electronics,Phone,11,10,1
2025-06-17,Alexandria,Electronics,Phone,3,3,0
2025-04-06,Alexandria,Stationery,Marker,6,0,6
2025-06-06,Cairo,Clothing,Jacket,3,1,2
2025-06-18,Tanta,Stationery,Marker,11,3,8
2025-05-10,Cairo,Electronics,Laptop,6,2,4
2025-04-06,Mansoura,Stationery,Pen,15,5,10
2025-04-04,Tanta,Furniture,Table,10,1,9
2025-04-13,Mansoura,Stationery,Folder,17,15,2
2025-06-22,Cairo,Electronics,TV,19,18,1
2025-04-16,Mansoura,Furniture,Chair,12,3,9
2025-05-24,Mansoura,Furniture,Table,6,1,5
2025-05-18,Mansoura,Electronics,Phone,2,0,2
2025-04-12,Cairo,Clothing,Jacket,8,5,3
2025-04-23,Tanta,Furniture,Table,11,4,7
2025-06-12,Alexandria,Clothing,Jacket,15,1,14
2025-05-11,Mansoura,Clothing,Shoes,4,4,0
2025-06-18,Tanta,Furniture,Desk,14,8,6
2025-06-26,Mansoura,Clothing,Jacket,12,1,11
2025-04-26,Tanta,Stationery,Notebook,16,1,15
2025-04-03,Cairo,Electronics,Laptop,15,6,9
2025-06-09,Tanta,Stationery,Marker,6,1,5
2025-06-05,Tanta,Furniture,Chair,6,2,4
2025-04-30,Mansoura,Furniture,Desk,14,1,13
2025-05-30,Alexandria,Electronics,Phone,12,5,7
2025-06-11,Alexandria,Electronics,TV,7,5,2
2025-04-18,Tanta,Furniture,Desk,15,15,0
2025-04-27,Mansoura,Clothing,Jacket,4,2,2
2025-06-07,Alexandria,Electronics,TV,7,5,2
2025-06-25,Tanta,Furniture,Chair,5,1,4
2025-06-08,Mansoura,Furniture,Chair,12,8,4
2025-03-31,Cairo,Clothing,Jacket,7,0,7
2025-06-16,Cairo,Stationery,Folder,13,9,4
2025-04-11,Cairo,Electronics,Phone,9,4,5
2025-04-30,Tanta,Electronics,Laptop,14,3,11
2025-04-22,Mansoura,Electronics,Laptop,9,1,8
2025-04-02,Cairo,Clothing,Pants,4,2,2
2025-05-22,Tanta,Clothing,Pants,8,2,6
2025-05-11,Alexandria,Electronics,TV,0,0,0
2025-05-01,Tanta,Furniture,Couch,4,2,2
2025-04-21,Alexandria,Furniture,Table,3,0,3
2025-06-23,Alexandria,Stationery,Folder,18,7,11
2025-04-26,Cairo,Stationery,Notebook,3,0,3
2025-04-02,Cairo,Electronics,TV,18,6,12
2025-04-02,Cairo,Clothing,Jacket,5,0,5
2025-04-07,Tanta,Furniture,Chair,17,1,16
2025-04-30,Cairo,Furniture,Couch,4,1,3
2025-05-30,Mansoura,Electronics,TV,6,6,0
2025-05-12,Tanta,Stationery,Pen,11,2,9
2025-06-22,Cairo,Electronics,Phone,4,3,1
2025-05-17,Cairo,Clothing,Pants,13,6,7
2025-04-09,Mansoura,Furniture,Table,12,1,11
2025-06-04,Tanta,Clothing,Shoes,0,0,0
2025-04-02,Alexandria,Stationery,Pen,13,2,11
2025-05-22,Alexandria,Electronics,Phone,4,4,0
2025-05-04,Alexandria,Stationery,Notebook,17,9,8
2025-06-11,Cairo,Stationery,Folder,11,4,7
2025-06-18,Mansoura,Electronics,Laptop,18,2,16
2025-06-27,Mansoura,Stationery,Notebook,6,6,0
2025-04-05,Cairo,Stationery,Pen,5,3,2
2025-05-24,Alexandria,Clothing,Jacket,10,8,2
2025-05-03,Cairo,Clothing,Pants,19,12,7
2025-05-06,Tanta,Electronics,Phone,6,0,6
2025-06-14,Cairo,Clothing,Jacket,13,13,0
2025-06-23,Mansoura,Clothing,Jacket,4,3,1
2025-04-21,Alexandria,Clothing,Shirt,4,4,0
2025-03-31,Cairo,Stationery,Marker,12,11,1
2025-05-03,Cairo,Stationery,Pen,1,0,1
2025-05-16,Cairo,Electronics,Phone,12,8,4
2025-04-24,Alexandria,Electronics,TV,9,9,0
2025-04-06,Alexandria,Electronics,Phone,11,0,11
2025-06-01,Tanta,Stationery,Notebook,16,5,11
2025-06-18,Mansoura,Electronics,Tablet,18,5,13
2025-04-27,Tanta,Electronics,Phone,4,0,4
2025-05-24,Cairo,Furniture,Couch,18,6,12
2025-06-02,Cairo,Furniture,Desk,13,13,0
2025-04-07,Mansoura,Furniture,Couch,5,0,5
2025-04-15,Tanta,Electronics,TV,3,3,0
2025-04-04,Cairo,Furniture,Couch,13,12,1
2025-04-18,Mansoura,Electronics,Laptop,7,1,6
2025-05-18,Tanta,Stationery,Pen,18,9,9
2025-05-11,Alexandria,Electronics,Tablet,13,13,0
2025-06-04,Alexandria,Electronics,TV,2,0,2
2025-05-03,Mansoura,Stationery,Notebook,14,11,3
2025-04-26,Cairo,Electronics,Tablet,6,5,1
2025-04-19,Alexandria,Clothing,Shoes,11,4,7
2025-04-13,Mansoura,Clothing,Pants,5,4,1
2025-04-30,Tanta,Stationery,Folder,1,1,0
2025-06-07,Cairo,Stationery,Pen,7,3,4
2025-04-10,Cairo,Furniture,Chair,3,0,3
2025-06-12,Alexandria,Furniture,Chair,14,8,6
2025-05-12,Mansoura,Clothing,Shirt,17,14,3
2025-05-09,Tanta,Furniture,Couch,15,6,9
2025-05-21,Mansoura,Furniture,Chair,14,12,2
2025-05-06,Cairo,Stationery,Marker,5,2,3
2025-03-31,Alexandria,Stationery,Pen,10,7,3
2025-04-12,Tanta,Electronics,Tablet,9,2,7
2025-06-02,Cairo,Clothing,Jacket,3,3,0
2025-04-17,Mansoura,Stationery,Pen,11,5,6
2025-04-29,Cairo,Electronics,TV,18,12,6
2025-05-04,Alexandria,Electronics,TV,19,17,2
2025-04-23,Mansoura,Furniture,Desk,17,2,15
2025-05-27,Mansoura,Furniture,Chair,13,3,10
2025-04-25,Tanta,Furniture,Desk,15,1,14
2025-06-05,Tanta,Stationery,Pen,7,6,1
2025-04-18,Cairo,Electronics,Tablet,19,2,17
2025-04-22,Cairo,Furniture,Chair,0,0,0
2025-04-06,Tanta,Electronics,Phone,6,5,1
2025-06-22,Mansoura,Clothing,Jacket,15,11,4
2025-06-21,Alexandria,Furniture,Chair,12,4,8
2025-05-19,Tanta,Furniture,Chair,18,15,3
2025-03-31,Mansoura,Furniture,Table,2,0,2
2025-04-27,Alexandria,Clothing,Pants,2,2,0
2025-05-21,Alexandria,Stationery,Notebook,19,17,2
2025-04-27,Mansoura,Furniture,Table,7,7,0
2025-04-03,Cairo,Stationery,Marker,0,0,0
2025-04-05,Alexandria,Electronics,Laptop,18,10,8
2025-05-30,Alexandria,Electronics,Phone,17,15,2
2025-05-12,Alexandria,Stationery,Marker,15,1,14
2025-06-02,Tanta,Stationery,Notebook,8,0,8
2025-04-15,Mansoura,Stationery,Notebook,2,2,0
2025-04-03,Mansoura,Clothing,Pants,2,1,1
2025-06-11,Alexandria,Clothing,Shoes,6,0,6
2025-04-13,Cairo,Furniture,Couch,6,2,4
2025-04-27,Cairo,Electronics,TV,6,4,2
2025-05-31,Tanta,Stationery,Marker,10,2,8
2025-06-14,Mansoura,Clothing,Jacket,14,11,3
2025-06-07,Tanta,Stationery,Pen,3,0,3
2025-04-12,Mansoura,Electronics,Tablet,15,10,5
2025-06-15,Alexandria,Furniture,Table,16,14,2
2025-04-05,Tanta,Clothing,Shoes,9,3,6
2025-06-19,Mansoura,Electronics,Laptop,15,9,6
2025-04-18,Tanta,Clothing,Pants,14,3,11
2025-05-12,Mansoura,Electronics,TV,7,6,1
2025-04-27,Alexandria,Furniture,Desk,4,1,3
2025-05-14,Cairo,Furniture,Chair,4,2,2
2025-06-27,Alexandria,Electronics,TV,9,5,4
2025-04-28,Mansoura,Clothing,Jacket,19,5,14
2025-04-06,Cairo,Stationery,Pen,9,8,1
2025-04-28,Cairo,Stationery,Marker,14,11,3
2025-06-12,Mansoura,Furniture,Couch,17,2,15
2025-05-31,Tanta,Furniture,Table,7,5,2
2025-04-17,Tanta,Furniture,Couch,19,19,0
2025-05-18,Alexandria,Furniture,Table,17,12,5
2025-06-12,Tanta,Furniture,Desk,10,1,9
2025-04-29,Cairo,Electronics,Tablet,19,8,11
2025-04-22,Tanta,Clothing,Pants,2,2,0
2025-04-25,Alexandria,Stationery,Notebook,15,1,14
2025-05-11,Cairo,Clothing,Shirt,13,9,4
2025-06-08,Mansoura,Clothing,Shirt,17,7,10
2025-05-11,Alexandria,Furniture,Table,19,4,15
2025-04-04,Cairo,Electronics,Laptop,14,13,1
2025-05-13,Alexandria,Clothing,Shirt,2,0,2
2025-06-18,Mansoura,Electronics,Laptop,6,4,2
2025-06-08,Mansoura,Clothing,Shoes,1,1,0
2025-06-25,Tanta,Furniture,Desk,13,12,1
2025-05-03,Mansoura,Electronics,Phone,0,0,0
2025-06-06,Mansoura,Stationery,Folder,11,2,9
2025-05-09,Alexandria,Furniture,Table,18,5,13
2025-04-02,Tanta,Electronics,Laptop,6,6,0
2025-06-10,Alexandria,Electronics,TV,7,2,5
2025-05-04,Cairo,Furniture,Desk,17,12,5
2025-04-05,Cairo,Furniture,Couch,16,11,5
2025-05-01,Alexandria,Stationery,Folder,17,10,7
2025-06-13,Tanta,Electronics,Phone,15,7,8
2025-06-16,Mansoura,Furniture,Table,18,12,6
2025-05-13,Tanta,Clothing,Shoes,0,0,0
2025-05-08,Alexandria,Electronics,TV,19,2,17
2025-05-09,Cairo,Stationery,Folder,10,0,10
2025-05-02,Tanta,Furniture,Desk,0,0,0
2025-05-20,Mansoura,Furniture,Couch,7,7,0
2025-06-24,Cairo,Clothing,Shirt,13,13,0
2025-04-09,Alexandria,Electronics,TV,12,11,1
2025-05-01,Cairo,Clothing,Jacket,11,7,4
2025-05-25,Mansoura,Stationery,Pen,2,0,2
2025-05-16,Cairo,Stationery,Marker,2,2,0
2025-06-10,Tanta,Electronics,Laptop,5,3,2
2025-06-20,Tanta,Stationery,Pen,19,3,16
2025-05-23,Mansoura,Furniture,Desk,11,3,8
2025-06-07,Alexandria,Electronics,TV,15,1,14
2025-05-16,Alexandria,Clothing,Shoes,9,2,7
2025-05-20,Cairo,Electronics,Laptop,5,4,1
2025-05-03,Cairo,Clothing,Shirt,6,0,6
2025-04-06,Alexandria,Clothing,Shoes,10,10,0
2025-04-22,Tanta,Clothing,Shoes,17,14,3
2025-06-26,Mansoura,Electronics,Tablet,7,3,4
2025-04-30,Tanta,Stationery,Marker,15,15,0
2025-05-16,Cairo,Electronics,Phone,5,3,2
2025-05-24,Tanta,Furniture,Chair,0,0,0
2025-06-08,Cairo,Clothing,Pants,7,4,3
2025-06-04,Cairo,Furniture,Table,13,12,1
2025-04-29,Tanta,Electronics,Tablet,0,0,0
2025-04-01,Alexandria,Electronics,Laptop,4,1,3
2025-04-13,Alexandria,Electronics,TV,4,2,2
2025-04-21,Tanta,Furniture,Table,1,0,1
2025-06-20,Alexandria,Clothing,Pants,19,14,5
2025-05-06,Alexandria,Furniture,Couch,4,4,0
2025-05-27,Alexandria,Clothing,Shoes,18,6,12
2025-06-06,Alexandria,Clothing,Pants,0,0,0
2025-04-26,Tanta,Furniture,Chair,17,14,3
2025-05-21,Mansoura,Clothing,Jacket,5,2,3
2025-06-19,Tanta,Electronics,Laptop,14,14,0
2025-05-23,Alexandria,Furniture,Couch,9,2,7
2025-05-07,Alexandria,Clothing,Pants,5,1,4
2025-04-07,Cairo,Furniture,Desk,2,0,2
2025-05-15,Mansoura,Electronics,Tablet,19,11,8
2025-06-10,Alexandria,Electronics,Tablet,7,6,1
2025-06-17,Alexandria,Electronics,Laptop,4,0,4
2025-05-01,Tanta,Clothing,Shirt,4,3,1
2025-05-15,Mansoura,Electronics,Tablet,17,12,5
2025-05-17,Cairo,Furniture,Chair,13,0,13
2025-05-18,Alexandria,Furniture,Table,14,4,10
2025-05-31,Mansoura,Stationery,Notebook,7,2,5
2025-04-14,Alexandria,Stationery,Marker,6,3,3
2025-04-21,Alexandria,Clothing,Jacket,12,7,5
2025-04-12,Tanta,Clothing,Pants,9,4,5
2025-04-08,Mansoura,Furniture,Desk,11,9,2
2025-05-06,Cairo,Electronics,Laptop,13,1,12
2025-04-06,Cairo,Stationery,Notebook,0,0,0
2025-05-09,Alexandria,Clothing,Shirt,3,3,0
2025-04-06,Tanta,Electronics,Tablet,14,12,2
2025-04-26,Tanta,Clothing,Pants,0,0,0
2025-05-21,Mansoura,Clothing,Jacket,0,0,0
2025-05-16,Tanta,Clothing,Pants,5,4,1
2025-06-24,Cairo,Electronics,TV,16,1,15
2025-04-21,Alexandria,Clothing,Shirt,16,5,11
2025-04-29,Mansoura,Electronics,TV,6,0,6
2025-04-16,Alexandria,Stationery,Pen,6,3,3
2025-05-05,Cairo,Electronics,Laptop,13,3,10
2025-04-19,Tanta,Electronics,Laptop,10,9,1
2025-04-29,Tanta,Stationery,Notebook,15,11,4
2025-04-16,Cairo,Clothing,Pants,0,0,0
2025-05-01,Tanta,Electronics,TV,8,5,3
2025-05-19,Cairo,Furniture,Couch,2,1,1
2025-05-11,Mansoura,Furniture,Couch,8,2,6
2025-05-19,Tanta,Furniture,Table,4,4,0
2025-06-01,Cairo,Stationery,Notebook,12,3,9
2025-06-13,Tanta,Electronics,Phone,13,5,8
2025-04-05,Cairo,Stationery,Notebook,0,0,0
2025-04-07,Cairo,Stationery,Notebook,3,0,3
2025-06-03,Cairo,Clothing,Shoes,1,0,1
2025-04-07,Tanta,Electronics,Laptop,11,2,9
2025-04-21,Mansoura,Clothing,Pants,15,0,15
2025-05-13,Mansoura,Stationery,Marker,14,13,1
2025-04-20,Alexandria,Clothing,Shoes,10,4,6
2025-06-22,Tanta,Furniture,Desk,13,9,4
2025-04-05,Tanta,Clothing,Shirt,17,10,7
2025-06-17,Cairo,Furniture,Couch,15,3,12
2025-04-14,Tanta,Electronics,Phone,19,14,5
2025-04-24,Tanta,Electronics,TV,19,12,7
2025-04-06,Alexandria,Furniture,Chair,4,0,4
2025-06-18,Tanta,Furniture,Chair,9,4,5
2025-06-08,Alexandria,Electronics,Laptop,2,2,0
2025-06-06,Tanta,Clothing,Pants,18,3,15
2025-04-14,Cairo,Furniture,Chair,9,6,3
2025-04-15,Mansoura,Electronics,Phone,12,9,3
2025-04-16,Tanta,Furniture,Table,15,12,3
2025-06-08,Alexandria,Stationery,Pen,8,8,0
2025-05-05,Alexandria,Clothing,Shoes,15,8,7
2025-04-22,Tanta,Furniture,Chair,16,4,12
2025-04-29,Cairo,Stationery,Notebook,1,0,1
2025-04-12,Cairo,Electronics,Laptop,9,0,9
2025-06-21,Mansoura,Furniture,Chair,12,2,10
2025-05-29,Cairo,Stationery,Pen,17,16,1
2025-04-30,Cairo,Clothing,Shirt,3,3,0
2025-04-22,Tanta,Clothing,Shoes,14,6,8
2025-05-20,Cairo,Stationery,Folder,5,4,1
2025-06-18,Alexandria,Clothing,Shoes,2,2,0
2025-06-03,Alexandria,Clothing,Shoes,1,1,0
2025-04-28,Alexandria,Electronics,TV,10,5,5
2025-05-26,Cairo,Furniture,Desk,9,6,3
2025-04-09,Alexandria,Stationery,Pen,5,2,3
2025-06-01,Alexandria,Furniture,Couch,2,0,2
2025-04-07,Alexandria,Stationery,Folder,0,0,0
2025-05-06,Tanta,Clothing,Pants,19,12,7
2025-06-15,Cairo,Stationery,Marker,15,15,0
2025-05-27,Tanta,Electronics,TV,15,1,14
2025-06-10,Cairo,Stationery,Folder,12,10,2
2025-05-21,Mansoura,Clothing,Pants,19,16,3
2025-05-12,Tanta,Electronics,TV,12,10,2
2025-04-02,Tanta,Furniture,Chair,19,16,3
2025-06-08,Mansoura,Furniture,Desk,10,0,10
2025-05-11,Cairo,Stationery,Notebook,4,0,4
2025-06-25,Alexandria,Furniture,Couch,5,5,0
2025-06-27,Cairo,Electronics,TV,3,0,3
2025-04-16,Cairo,Furniture,Chair,16,0,16
2025-04-21,Alexandria,Electronics,Laptop,13,12,1
2025-06-10,Mansoura,Furniture,Desk,6,4,2
2025-05-20,Alexandria,Clothing,Shirt,5,0,5
2025-06-18,Cairo,Furniture,Chair,3,0,3
2025-06-27,Tanta,Furniture,Table,17,8,9
2025-06-23,Cairo,Stationery,Folder,19,13,6
2025-06-25,Alexandria,Electronics,TV,8,0,8
2025-04-30,Cairo,Electronics,Laptop,14,9,5
2025-06-15,Alexandria,Furniture,Couch,16,16,0
2025-05-08,Mansoura,Furniture,Chair,0,0,0
2025-05-24,Alexandria,Stationery,Marker,14,4,10
2025-06-03,Mansoura,Furniture,Table,13,13,0
2025-06-09,Cairo,Stationery,Notebook,14,7,7
2025-05-19,Alexandria,Clothing,Pants,3,1,2
2025-04-19,Mansoura,Furniture,Table,8,1,7
2025-04-05,Cairo,Stationery,Notebook,19,3,16
2025-06-28,Tanta,Furniture,Couch,9,4,5
2025-05-10,Mansoura,Stationery,Notebook,3,3,0
2025-06-26,Alexandria,Furniture,Table,2,2,0
2025-05-30,Cairo,Furniture,Chair,13,2,11
2025-06-02,Cairo,Clothing,Jacket,19,19,0
2025-05-11,Cairo,Electronics,Laptop,11,5,6
2025-04-20,Mansoura,Stationery,Marker,11,7,4
2025-05-11,Mansoura,Electronics,Phone,2,2,0
